{
  "generatedAt": "2026-04-06T11:42:31.740Z",
  "config": {
    "datasetConfigPath": "/tmp/relayer-three-clean.json",
    "caseCount": 3,
    "comparedCaseCount": 3,
    "excludedCases": [],
    "latencyBaselineMs": 0,
    "sourceChainName": "chainA",
    "sourceChainId": 31337,
    "targetChainName": "chainB",
    "targetChainId": 31338
  },
  "overall": {
    "tasks": 3,
    "full": {
      "successRate": 1,
      "chainAvgSec": 5.666666666666667,
      "chainP95Sec": 8,
      "wallAvgMs": 6758.830436000001,
      "wallP95Ms": 8920.620408,
      "gasTotalAvg": 1016885,
      "executedCountAvg": 6.666666666666667
    },
    "split": {
      "successRate": 1,
      "chainAvgSec": 13.666666666666666,
      "chainP95Sec": 17,
      "wallAvgMs": 14799.092903333336,
      "wallP95Ms": 17811.228107000003,
      "gasTotalAvg": 1588033,
      "executedCountAvg": 0
    },
    "comparison": {
      "chainDeltaSec": 7.999999999999999,
      "chainP95DeltaSec": 9,
      "chainOverheadRatio": 1.4117647058823528,
      "wallDeltaMs": 8040.262467333335,
      "wallOverheadRatio": 1.1895937534559171,
      "gasDelta": 571148,
      "gasOverheadRatio": 0.5616642983228192
    }
  },
  "perCase": [
    {
      "caseId": "Coffee_machine",
      "tasks": 1,
      "comparable": true,
      "full": {
        "successRate": 1,
        "chainAvgSec": 8,
        "chainP95Sec": 8,
        "wallAvgMs": 8920.620408,
        "wallRawAvgMs": 8920.620408,
        "wallP95Ms": 8920.620408,
        "gasTotalAvg": 1083927,
        "executedCountAvg": 9
      },
      "split": {
        "successRate": 1,
        "chainAvgSec": 11,
        "chainP95Sec": 11,
        "wallAvgMs": 12352.233451,
        "wallRawAvgMs": 12352.233451,
        "wallP95Ms": 12352.233451,
        "gasTotalAvg": 1398786
      },
      "comparison": {
        "chainDeltaSec": 3,
        "chainP95DeltaSec": 3,
        "chainOverheadRatio": 0.375,
        "wallDeltaMs": 3431.6130429999994,
        "wallOverheadRatio": 0.3846832267319135,
        "gasDelta": 314859,
        "gasOverheadRatio": 0.29047989394119716
      }
    },
    {
      "caseId": "Hotel_Booking",
      "tasks": 1,
      "comparable": true,
      "full": {
        "successRate": 1,
        "chainAvgSec": 4,
        "chainP95Sec": 4,
        "wallAvgMs": 5324.495628000001,
        "wallRawAvgMs": 5324.495628000001,
        "wallP95Ms": 5324.495628000001,
        "gasTotalAvg": 1022545,
        "executedCountAvg": 5
      },
      "split": {
        "successRate": 1,
        "chainAvgSec": 17,
        "chainP95Sec": 17,
        "wallAvgMs": 17811.228107000003,
        "wallRawAvgMs": 17811.228107000003,
        "wallP95Ms": 17811.228107000003,
        "gasTotalAvg": 1824972
      },
      "comparison": {
        "chainDeltaSec": 13,
        "chainP95DeltaSec": 13,
        "chainOverheadRatio": 3.25,
        "wallDeltaMs": 12486.732479000002,
        "wallOverheadRatio": 2.3451484143091124,
        "gasDelta": 802427,
        "gasOverheadRatio": 0.7847351461304881
      }
    },
    {
      "caseId": "ManagementSystem",
      "tasks": 1,
      "comparable": true,
      "full": {
        "successRate": 1,
        "chainAvgSec": 5,
        "chainP95Sec": 5,
        "wallAvgMs": 6031.375272000001,
        "wallRawAvgMs": 6031.375272000001,
        "wallP95Ms": 6031.375272000001,
        "gasTotalAvg": 944183,
        "executedCountAvg": 6
      },
      "split": {
        "successRate": 1,
        "chainAvgSec": 13,
        "chainP95Sec": 13,
        "wallAvgMs": 14233.817152000003,
        "wallRawAvgMs": 14233.817152000003,
        "wallP95Ms": 14233.817152000003,
        "gasTotalAvg": 1540341
      },
      "comparison": {
        "chainDeltaSec": 8,
        "chainP95DeltaSec": 8,
        "chainOverheadRatio": 1.6,
        "wallDeltaMs": 8202.441880000002,
        "wallOverheadRatio": 1.3599621164477926,
        "gasDelta": 596158,
        "gasOverheadRatio": 0.6314009042738536
      }
    }
  ]
}