relative_path,origin_path_or_generation_command,stage,file_nature,sha256
README.md,scripts/finalize_archive.py,index,diagnostic,69274f71c4d43451ad8d84a5f0182c2252499f0fecd7266e3a1b61773d4de195
evidence/historical_candidates.json,scripts/finalize_archive.py,evidence,diagnostic,0c044b6c1592314fbba4e59c4c80458b83a4acb3891c8308a729cbce9de03f40
evidence/input_checksums.csv,scripts/finalize_archive.py,evidence,diagnostic,df06008c0093b6fdbf0f9aa4aeb45a19b736e1610c1c1aa1477a213aa951a7c5
evidence/issues.md,scripts/finalize_archive.py,evidence,diagnostic,e3b4f2de420af6dc1bddbc39f2d62adb91218a8246ba16d8386cfc7d5988ff33
evidence/platform_pim_hashes.json,scripts/finalize_archive.py,evidence,diagnostic,f6c34b874407dbafd8b5adbd35d153816402cac39440a4ac131c772813c600bd
evidence/protected_hash_verification.json,scripts/finalize_archive.py,evidence,diagnostic,daf7d72c33908f90450033273604166f4df738464a2a42ba47202abb75c528ae
evidence/protected_hashes_after.json,scripts/finalize_archive.py,evidence,diagnostic,afc7cf80c6e83257af3eaa1a6b8a723a621b87493d78ea1523d1c288aa9af168
evidence/protected_hashes_before.json,scripts/finalize_archive.py,evidence,diagnostic,afc7cf80c6e83257af3eaa1a6b8a723a621b87493d78ea1523d1c288aa9af168
evidence/provenance.json,scripts/finalize_archive.py,evidence,diagnostic,96a62e8588d992b2ba90a7b47556dccac157e5da5b8fb609bf09c37a389cd4d6
evidence/source_locations.csv,scripts/finalize_archive.py,evidence,diagnostic,ec20c1af8ba6fe2d5597d747acd21330a49b99a61195131c9fdac7c5a385576e
evidence/status.json,scripts/finalize_archive.py,evidence,diagnostic,b374778e15f80cd59ea40fe6289b1a4f625b595a7fadc6f1561ad229a33ae1e7
evidence/traceability.csv,scripts/finalize_archive.py,evidence,diagnostic,6ad2a04d75e1166c566127351edd157d72c0db5a9ae5a859b97782d050db0466
evidence/worked_mapping_extracts.md,scripts/finalize_archive.py,evidence,diagnostic,5ba3b21d91f306ef6283f035daa9c472c19ec20f709b4b0cf382e832940f4350
existing_artifacts/Experiment/NoiseExperiment/done/supplypaper/basic_path/path1.json,/home/shenxz-lab/code/ChainCollab/Experiment/NoiseExperiment/done/supplypaper/basic_path/path1.json,historical search,historical,a9ef120fc5782210853ffc7292f440c336f96a28e89ab717639e4ebc91ec03e2
existing_artifacts/Experiment/NoiseExperiment/done/supplypaper/basic_path/path2.json,/home/shenxz-lab/code/ChainCollab/Experiment/NoiseExperiment/done/supplypaper/basic_path/path2.json,historical search,historical,8daee686df5b62c2fd08345be7f273f650a31807b1d212de21ddf68332a43073
existing_artifacts/Experiment/NoiseExperiment/done/supplypaper/basic_path/path3.json,/home/shenxz-lab/code/ChainCollab/Experiment/NoiseExperiment/done/supplypaper/basic_path/path3.json,historical search,historical,6d95192bd61627e619238418a9e186e799341d54c881acd3973f6642b7227c5a
existing_artifacts/Experiment/NoiseExperiment/done/supplypaper/basic_path/path4.json,/home/shenxz-lab/code/ChainCollab/Experiment/NoiseExperiment/done/supplypaper/basic_path/path4.json,historical search,historical,e6350fe91c751b25275ddec045fe91871ee664af4211110c0908db9a51167318
existing_artifacts/Experiment/NoiseExperiment/done/supplypaper/result/path1.json,/home/shenxz-lab/code/ChainCollab/Experiment/NoiseExperiment/done/supplypaper/result/path1.json,historical search,historical,0defe7744fc4956b5e0db591548c8deff7dd2fc4787e90666a4f962ff4a4a37c
existing_artifacts/Experiment/NoiseExperiment/done/supplypaper/result/path2.json,/home/shenxz-lab/code/ChainCollab/Experiment/NoiseExperiment/done/supplypaper/result/path2.json,historical search,historical,3b00282d3af2f1895c0dd10384f90de5925b545873110b3fd21bbd5a6d15062d
existing_artifacts/Experiment/NoiseExperiment/done/supplypaper/result/path3.json,/home/shenxz-lab/code/ChainCollab/Experiment/NoiseExperiment/done/supplypaper/result/path3.json,historical search,historical,86f8c1f53b6e08dd44640a2c84c2896b72f352bdacecdc4a2f23ff9804491a5d
existing_artifacts/Experiment/NoiseExperiment/done/supplypaper/result/path4.json,/home/shenxz-lab/code/ChainCollab/Experiment/NoiseExperiment/done/supplypaper/result/path4.json,historical search,historical,eab99f8196eb2f907fead284e4f7272030edb74bc6e23603ca95567b60305e7b
existing_artifacts/Experiment/NoiseExperiment/path_raw/paperSupplyChainPaper-path.json,/home/shenxz-lab/code/ChainCollab/Experiment/NoiseExperiment/path_raw/paperSupplyChainPaper-path.json,historical search,historical,710418fccea6616f8c7538a02039832dfd58ecb90b7322a6f7e6681de97d689a
existing_artifacts/Experiment/new/exp1_1B/Addition/cases/SupplyChainPaper/path_traceability_report.json,/home/shenxz-lab/code/ChainCollab/Experiment/new/exp1_1B/Addition/cases/SupplyChainPaper/path_traceability_report.json,historical search,historical,9a118a3afa9654564fe6763574a276b5f41a64ebf34dafff0e586889b0256ccb
existing_artifacts/Experiment/new/exp1_1B/cases/SupplyChainPaper/bpmn/bpmn_elements.json,/home/shenxz-lab/code/ChainCollab/Experiment/new/exp1_1B/cases/SupplyChainPaper/bpmn/bpmn_elements.json,historical search,historical,5a965b2c9f2f498eb61a7833c3ccf41bf27015c4237714ac47e7d6f7e7e2824d
existing_artifacts/Experiment/new/exp1_1B/cases/SupplyChainPaper/bpmn/bpmn_relations.json,/home/shenxz-lab/code/ChainCollab/Experiment/new/exp1_1B/cases/SupplyChainPaper/bpmn/bpmn_relations.json,historical search,historical,df5e7d73e060cdd2dccf12bbb2fcd8140146b9af8f7a0e1010513ea005a8cee1
existing_artifacts/Experiment/new/exp1_1B/cases/SupplyChainPaper/bpmn/bpmn_tag.json,/home/shenxz-lab/code/ChainCollab/Experiment/new/exp1_1B/cases/SupplyChainPaper/bpmn/bpmn_tag.json,historical search,historical,c72b8c99242c8d14635453b492b524a6a10832eb4fce26fce172636a4817a4b2
existing_artifacts/Experiment/new/exp1_1B/cases/SupplyChainPaper/dsl/SupplyChainPaper.b2c,/home/shenxz-lab/code/ChainCollab/Experiment/new/exp1_1B/cases/SupplyChainPaper/dsl/SupplyChainPaper.b2c,historical search,historical,a1ee175bee1de17244e0d682c87a539ccd7b7f12895395187a223030bc31079c
existing_artifacts/Experiment/new/exp1_1B/cases/SupplyChainPaper/dsl/dsl_elements.json,/home/shenxz-lab/code/ChainCollab/Experiment/new/exp1_1B/cases/SupplyChainPaper/dsl/dsl_elements.json,historical search,historical,6f0d7f8c0bb6abd1102d0d1cfe3afc269923c8395966fe12e0734417862f1369
existing_artifacts/Experiment/new/exp1_1B/cases/SupplyChainPaper/dsl/dsl_relations.json,/home/shenxz-lab/code/ChainCollab/Experiment/new/exp1_1B/cases/SupplyChainPaper/dsl/dsl_relations.json,historical search,historical,4437f16aa4b1b09b5757dd7d29890c68f0e66518e249f44ea3d4c7a8762b4cd8
existing_artifacts/Experiment/new/exp1_1B/cases/SupplyChainPaper/dsl/dsl_tag.json,/home/shenxz-lab/code/ChainCollab/Experiment/new/exp1_1B/cases/SupplyChainPaper/dsl/dsl_tag.json,historical search,historical,64fc5dbfd85c7da6ddc0010a8ac35f86cca315defbec4f9a607a60d6b4d37622
existing_artifacts/Experiment/new/exp1_1B/cases/SupplyChainPaper/trace/bpmn_dsl_trace.json,/home/shenxz-lab/code/ChainCollab/Experiment/new/exp1_1B/cases/SupplyChainPaper/trace/bpmn_dsl_trace.json,historical search,historical,00d80e31b33ce4f5db6663bab2226dd4b6a56cfead0ecd96d3f63689ec0e9df8
existing_artifacts/Experiment/new/exp1_1C/cases/SupplyChainPaper/canonical/bpmn.semantic_graph.canonical.json,/home/shenxz-lab/code/ChainCollab/Experiment/new/exp1_1C/cases/SupplyChainPaper/canonical/bpmn.semantic_graph.canonical.json,historical search,historical,801af68e7012e2f9083db553c8e289775219592e2aad5170c6c9931046806943
existing_artifacts/Experiment/new/exp1_1C/cases/SupplyChainPaper/canonical/dsl.semantic_graph.canonical.json,/home/shenxz-lab/code/ChainCollab/Experiment/new/exp1_1C/cases/SupplyChainPaper/canonical/dsl.semantic_graph.canonical.json,historical search,historical,e4c88cb21cb4f41622554149889ac224959d8e4a238ce26ab79130ca7eb77598
existing_artifacts/Experiment/new/exp1_1C/cases/SupplyChainPaper/logical_paths/SupplyChainPaper_dsl_path_001/logical_path.json,/home/shenxz-lab/code/ChainCollab/Experiment/new/exp1_1C/cases/SupplyChainPaper/logical_paths/SupplyChainPaper_dsl_path_001/logical_path.json,historical search,historical,b5e7717a28572d4fd83abfcb0491306901c1e44027785b6a91d217d76acc9fcd
existing_artifacts/Experiment/new/exp1_1C/cases/SupplyChainPaper/logical_paths/SupplyChainPaper_dsl_path_002/logical_path.json,/home/shenxz-lab/code/ChainCollab/Experiment/new/exp1_1C/cases/SupplyChainPaper/logical_paths/SupplyChainPaper_dsl_path_002/logical_path.json,historical search,historical,f7b5ea9be05f403892e4c3e54b7f86fcc0e2ba31dd5adff162eb0bbd4f279edf
existing_artifacts/Experiment/new/exp1_1C/cases/SupplyChainPaper/logical_paths/SupplyChainPaper_dsl_path_003/logical_path.json,/home/shenxz-lab/code/ChainCollab/Experiment/new/exp1_1C/cases/SupplyChainPaper/logical_paths/SupplyChainPaper_dsl_path_003/logical_path.json,historical search,historical,b6cc6112e527a0c90a793f58e9875a909960a9bdf7132d3adb90f02148369a09
existing_artifacts/Experiment/new/exp1_1C/cases/SupplyChainPaper/logical_paths/SupplyChainPaper_dsl_path_004/logical_path.json,/home/shenxz-lab/code/ChainCollab/Experiment/new/exp1_1C/cases/SupplyChainPaper/logical_paths/SupplyChainPaper_dsl_path_004/logical_path.json,historical search,historical,79da3b3fd47795cfe8475800558e4d78f310a80b07595315e6a3b7ea69fead78
existing_artifacts/Experiment/new/exp1_1C/cases/SupplyChainPaper/logical_paths/SupplyChainPaper_dsl_path_005/logical_path.json,/home/shenxz-lab/code/ChainCollab/Experiment/new/exp1_1C/cases/SupplyChainPaper/logical_paths/SupplyChainPaper_dsl_path_005/logical_path.json,historical search,historical,59442e490204cbccb39953978c58fb6fca84531790d2ce8c6839f8b92027a8b3
existing_artifacts/Experiment/new/exp1_1C/cases/SupplyChainPaper/logical_paths/SupplyChainPaper_dsl_path_006/logical_path.json,/home/shenxz-lab/code/ChainCollab/Experiment/new/exp1_1C/cases/SupplyChainPaper/logical_paths/SupplyChainPaper_dsl_path_006/logical_path.json,historical search,historical,4e6e09546746fe2d8bb17d114b3174dd4629525626b37ee8070adab85aa99aa8
existing_artifacts/Experiment/new/exp1_1C/cases/SupplyChainPaper/logical_paths/SupplyChainPaper_dsl_path_007/logical_path.json,/home/shenxz-lab/code/ChainCollab/Experiment/new/exp1_1C/cases/SupplyChainPaper/logical_paths/SupplyChainPaper_dsl_path_007/logical_path.json,historical search,historical,403285747907d606026475f123cee54efc6960004b52c7e6fd0a9365bea9a302
existing_artifacts/Experiment/new/exp1_1C/cases/SupplyChainPaper/logical_paths/SupplyChainPaper_dsl_path_008/logical_path.json,/home/shenxz-lab/code/ChainCollab/Experiment/new/exp1_1C/cases/SupplyChainPaper/logical_paths/SupplyChainPaper_dsl_path_008/logical_path.json,historical search,historical,00302d9c20eea83e96a650e7cf066057aeb27008729c855c262971afe0d29849
existing_artifacts/Experiment/new/exp1_1C/cases/SupplyChainPaper/normalized/bpmn.normalized_paths.json,/home/shenxz-lab/code/ChainCollab/Experiment/new/exp1_1C/cases/SupplyChainPaper/normalized/bpmn.normalized_paths.json,historical search,historical,c2334936749938439023bc6373c04fcb4db2bb887a1837c6e882badc52361f1c
existing_artifacts/Experiment/new/exp1_1C/cases/SupplyChainPaper/normalized/dsl.normalized_paths.json,/home/shenxz-lab/code/ChainCollab/Experiment/new/exp1_1C/cases/SupplyChainPaper/normalized/dsl.normalized_paths.json,historical search,historical,c19c7f11e409f7dd8dec174c103f14522d22a0a6bc4e72ca451825b010abcf82
existing_artifacts/Experiment/new/exp1_1C/cases/SupplyChainPaper/paths/bpmn.paths.json,/home/shenxz-lab/code/ChainCollab/Experiment/new/exp1_1C/cases/SupplyChainPaper/paths/bpmn.paths.json,historical search,historical,c2334936749938439023bc6373c04fcb4db2bb887a1837c6e882badc52361f1c
existing_artifacts/Experiment/new/exp1_1C/cases/SupplyChainPaper/paths/dsl.paths.json,/home/shenxz-lab/code/ChainCollab/Experiment/new/exp1_1C/cases/SupplyChainPaper/paths/dsl.paths.json,historical search,historical,c19c7f11e409f7dd8dec174c103f14522d22a0a6bc4e72ca451825b010abcf82
existing_artifacts/Experiment/new/exp1_1C/cases/SupplyChainPaper/raw/bpmn.raw_elements.json,/home/shenxz-lab/code/ChainCollab/Experiment/new/exp1_1C/cases/SupplyChainPaper/raw/bpmn.raw_elements.json,historical search,historical,5df0aa4a5f0fa61c3901c35becc87140b7318f555e7da08cbe4d58f6a614d175
existing_artifacts/Experiment/new/exp1_1C/cases/SupplyChainPaper/raw/bpmn.raw_relations.json,/home/shenxz-lab/code/ChainCollab/Experiment/new/exp1_1C/cases/SupplyChainPaper/raw/bpmn.raw_relations.json,historical search,historical,0c369c4fa7ae5a851e243b7a939719d710f8f30946dcc068ad450afa8b62bb7e
existing_artifacts/Experiment/new/exp1_1C/cases/SupplyChainPaper/raw/dsl.raw_elements.json,/home/shenxz-lab/code/ChainCollab/Experiment/new/exp1_1C/cases/SupplyChainPaper/raw/dsl.raw_elements.json,historical search,historical,e9ad5e7f5374de1c06e440a2f00db6ab0b8456f3468026d96a2ed49aeba9a057
existing_artifacts/Experiment/new/exp1_1C/cases/SupplyChainPaper/raw/dsl.raw_relations.json,/home/shenxz-lab/code/ChainCollab/Experiment/new/exp1_1C/cases/SupplyChainPaper/raw/dsl.raw_relations.json,historical search,historical,5a20e414942e3104425d7ce94c66332e990ff99bcf8fcb4b813f1e0b556a5d9d
existing_artifacts/Experiment/new/exp1_1C/cases/SupplyChainPaper/semantic/bpmn.semantic_graph.json,/home/shenxz-lab/code/ChainCollab/Experiment/new/exp1_1C/cases/SupplyChainPaper/semantic/bpmn.semantic_graph.json,historical search,historical,a8e3cfbb7bb8b14a028e84598609afb11c841862673f972b654ce81eb52bf711
existing_artifacts/Experiment/new/exp1_1C/cases/SupplyChainPaper/semantic/dsl.semantic_graph.json,/home/shenxz-lab/code/ChainCollab/Experiment/new/exp1_1C/cases/SupplyChainPaper/semantic/dsl.semantic_graph.json,historical search,historical,294a4213418c1e0d085115334090907eeed4178b6b889840117649eb43586dec
existing_artifacts/Experiment/new/exp1_1C/cases/SupplyChainPaper/traces/bpmn/bpmn_path_001/bpmn.normalized.json,/home/shenxz-lab/code/ChainCollab/Experiment/new/exp1_1C/cases/SupplyChainPaper/traces/bpmn/bpmn_path_001/bpmn.normalized.json,historical search,historical,9271ac7789b17504fbb6d3b327b55f1fb99271b1657a9ce0f679485be77a5dcc
existing_artifacts/Experiment/new/exp1_1C/cases/SupplyChainPaper/traces/bpmn/bpmn_path_002/bpmn.normalized.json,/home/shenxz-lab/code/ChainCollab/Experiment/new/exp1_1C/cases/SupplyChainPaper/traces/bpmn/bpmn_path_002/bpmn.normalized.json,historical search,historical,a2cad1b0000475f634328539cd33cf176b01530dd6806c281e11bb2e96a657be
existing_artifacts/Experiment/new/exp1_1C/cases/SupplyChainPaper/traces/bpmn/bpmn_path_003/bpmn.normalized.json,/home/shenxz-lab/code/ChainCollab/Experiment/new/exp1_1C/cases/SupplyChainPaper/traces/bpmn/bpmn_path_003/bpmn.normalized.json,historical search,historical,c3a34da86cb374a4653638228cd2969782b5711350271baf0b9a200781153029
existing_artifacts/Experiment/new/exp1_1C/cases/SupplyChainPaper/traces/bpmn/bpmn_path_004/bpmn.normalized.json,/home/shenxz-lab/code/ChainCollab/Experiment/new/exp1_1C/cases/SupplyChainPaper/traces/bpmn/bpmn_path_004/bpmn.normalized.json,historical search,historical,652743a90c5b46850793dabdc6e03d7a9878c649ad299a4452e41734b710f6dc
existing_artifacts/Experiment/new/exp1_1C/cases/SupplyChainPaper/traces/bpmn/bpmn_path_005/bpmn.normalized.json,/home/shenxz-lab/code/ChainCollab/Experiment/new/exp1_1C/cases/SupplyChainPaper/traces/bpmn/bpmn_path_005/bpmn.normalized.json,historical search,historical,286b2f36d659b3bf27cdefbc48ab26f9f8f13161e58118c0270c37fddffcb089
existing_artifacts/Experiment/new/exp1_1C/cases/SupplyChainPaper/traces/bpmn/bpmn_path_006/bpmn.normalized.json,/home/shenxz-lab/code/ChainCollab/Experiment/new/exp1_1C/cases/SupplyChainPaper/traces/bpmn/bpmn_path_006/bpmn.normalized.json,historical search,historical,4467e9605e6c391884f0c9dbf1827e0a31c1bc8ac472e91ff45290bc97cf6819
existing_artifacts/Experiment/new/exp1_1C/cases/SupplyChainPaper/traces/bpmn/bpmn_path_007/bpmn.normalized.json,/home/shenxz-lab/code/ChainCollab/Experiment/new/exp1_1C/cases/SupplyChainPaper/traces/bpmn/bpmn_path_007/bpmn.normalized.json,historical search,historical,9e16f87dcbf96a047b0596720a11cf292499a42e7d90959e662846aff155d257
existing_artifacts/Experiment/new/exp1_1C/cases/SupplyChainPaper/traces/bpmn/bpmn_path_008/bpmn.normalized.json,/home/shenxz-lab/code/ChainCollab/Experiment/new/exp1_1C/cases/SupplyChainPaper/traces/bpmn/bpmn_path_008/bpmn.normalized.json,historical search,historical,e732e1ee1dbf245f6f857de5d3761c406b00f5eb67ac768423389951141fe875
existing_artifacts/Experiment/new/exp1_1C/cases/SupplyChainPaper/traces/dsl/dsl_path_001/dsl.normalized.json,/home/shenxz-lab/code/ChainCollab/Experiment/new/exp1_1C/cases/SupplyChainPaper/traces/dsl/dsl_path_001/dsl.normalized.json,historical search,historical,caee68d8a2414f42bbc8e6401f640188445c9ff953314b89138ddc8d5b549e2f
existing_artifacts/Experiment/new/exp1_1C/cases/SupplyChainPaper/traces/dsl/dsl_path_002/dsl.normalized.json,/home/shenxz-lab/code/ChainCollab/Experiment/new/exp1_1C/cases/SupplyChainPaper/traces/dsl/dsl_path_002/dsl.normalized.json,historical search,historical,fb621c8b1feacf27f4a151886008be2c2e0fc7c462c1b2ebf4bad1e017511200
existing_artifacts/Experiment/new/exp1_1C/cases/SupplyChainPaper/traces/dsl/dsl_path_003/dsl.normalized.json,/home/shenxz-lab/code/ChainCollab/Experiment/new/exp1_1C/cases/SupplyChainPaper/traces/dsl/dsl_path_003/dsl.normalized.json,historical search,historical,64d0a66042491398e7d9286a7d1ba2b42e67a14caed22f896a38571f153b0d31
existing_artifacts/Experiment/new/exp1_1C/cases/SupplyChainPaper/traces/dsl/dsl_path_004/dsl.normalized.json,/home/shenxz-lab/code/ChainCollab/Experiment/new/exp1_1C/cases/SupplyChainPaper/traces/dsl/dsl_path_004/dsl.normalized.json,historical search,historical,a61fcf12885c1ad2240383cf3315b248646a83e85e5b77ef259aea9be3bfc99f
existing_artifacts/Experiment/new/exp1_1C/cases/SupplyChainPaper/traces/dsl/dsl_path_005/dsl.normalized.json,/home/shenxz-lab/code/ChainCollab/Experiment/new/exp1_1C/cases/SupplyChainPaper/traces/dsl/dsl_path_005/dsl.normalized.json,historical search,historical,03548a09920cc268411eb85b002f14738cf0a8ff0770009ec82467298bfbf7d2
existing_artifacts/Experiment/new/exp1_1C/cases/SupplyChainPaper/traces/dsl/dsl_path_006/dsl.normalized.json,/home/shenxz-lab/code/ChainCollab/Experiment/new/exp1_1C/cases/SupplyChainPaper/traces/dsl/dsl_path_006/dsl.normalized.json,historical search,historical,cd07bfe12d566efdce11e099e4dc693b63b31cddb4ffc0b32fc558b9d4677d7e
existing_artifacts/Experiment/new/exp1_1C/cases/SupplyChainPaper/traces/dsl/dsl_path_007/dsl.normalized.json,/home/shenxz-lab/code/ChainCollab/Experiment/new/exp1_1C/cases/SupplyChainPaper/traces/dsl/dsl_path_007/dsl.normalized.json,historical search,historical,e8af699d83b0de81c8b8a884e284593bf9d1fa74aae3bdcca47f23c346009034
existing_artifacts/Experiment/new/exp1_1C/cases/SupplyChainPaper/traces/dsl/dsl_path_008/dsl.normalized.json,/home/shenxz-lab/code/ChainCollab/Experiment/new/exp1_1C/cases/SupplyChainPaper/traces/dsl/dsl_path_008/dsl.normalized.json,historical search,historical,33a3d97e41eb822d2bb739e9e6c46a0c4ea232dbab14a33a42a3fb4618850542
existing_artifacts/Experiment/new/exp1_1C/cases/SupplyChainPaper/translator/dsl.b2c,/home/shenxz-lab/code/ChainCollab/Experiment/new/exp1_1C/cases/SupplyChainPaper/translator/dsl.b2c,historical search,historical,a1ee175bee1de17244e0d682c87a539ccd7b7f12895395187a223030bc31079c
existing_artifacts/Experiment/new/exp1_1C/cases/SupplyChainPaper/translator/supplyChainPaper.dmn,/home/shenxz-lab/code/ChainCollab/Experiment/new/exp1_1C/cases/SupplyChainPaper/translator/supplyChainPaper.dmn,historical search,historical,3068d2cc936bfc77a3ed0ff896273ba1f29b5d29126d4281800a19bf90bebb80
existing_artifacts/Experiment/new/exp2_semantic_verification/results/cases/SupplyChainPaper/chaincode.go,/home/shenxz-lab/code/ChainCollab/Experiment/new/exp2_semantic_verification/results/cases/SupplyChainPaper/chaincode.go,historical search,historical,3f88cc2a4f60b148853aef2f4f582c2bb5af812463b3af4a8b1322710b0e9d11
existing_artifacts/Experiment/new/exp2_semantic_verification/results/cases/SupplyChainPaper/contract.sol,/home/shenxz-lab/code/ChainCollab/Experiment/new/exp2_semantic_verification/results/cases/SupplyChainPaper/contract.sol,historical search,historical,70c9349cd814796cd80e005fe8785ab0dcb3d34b8594f50878a51ebd971051c0
existing_artifacts/Experiment/new/exp2_semantic_verification/results/cases/SupplyChainPaper/dsl.b2c,/home/shenxz-lab/code/ChainCollab/Experiment/new/exp2_semantic_verification/results/cases/SupplyChainPaper/dsl.b2c,historical search,historical,8063343f2be51e49cfdda68ba145847275bad8a828bad4c71f73d226076bb0aa
existing_artifacts/Experiment/new/exp2_semantic_verification/results/cases/SupplyChainPaper/dsl_ast.json,/home/shenxz-lab/code/ChainCollab/Experiment/new/exp2_semantic_verification/results/cases/SupplyChainPaper/dsl_ast.json,historical search,historical,b717b469b8d5a2428f72b72a37dd8f851a3af8d82790e0531cb4fa1512a8ca34
existing_artifacts/Experiment/new/exp2_semantic_verification/results/cases/SupplyChainPaper/go_ast.json,/home/shenxz-lab/code/ChainCollab/Experiment/new/exp2_semantic_verification/results/cases/SupplyChainPaper/go_ast.json,historical search,historical,194a064b046e7975a2cf217f1a3375dd4fb1095591bf6ffc74130c0569480756
existing_artifacts/Experiment/new/exp2_semantic_verification/results/cases/SupplyChainPaper/go_semantic_report.json,/home/shenxz-lab/code/ChainCollab/Experiment/new/exp2_semantic_verification/results/cases/SupplyChainPaper/go_semantic_report.json,historical search,historical,4fc0ae20d83a08391c99b209865a9810aa069b5cf24a9c0cd2cea5d1b4f65b8a
existing_artifacts/Experiment/new/exp2_semantic_verification/results/cases/SupplyChainPaper/solc_ast_input.json,/home/shenxz-lab/code/ChainCollab/Experiment/new/exp2_semantic_verification/results/cases/SupplyChainPaper/solc_ast_input.json,historical search,historical,9ef23431417e65bd38475d461dcad8fe1efe69e5582cdd49ae8d13da04168643
existing_artifacts/Experiment/new/exp2_semantic_verification/results/cases/SupplyChainPaper/solc_ast_raw.json,/home/shenxz-lab/code/ChainCollab/Experiment/new/exp2_semantic_verification/results/cases/SupplyChainPaper/solc_ast_raw.json,historical search,historical,ec2a9e73c55ab66809cb301fc0b3b2c7843c68dfb1367651e4676ac875ff9c96
existing_artifacts/Experiment/new/exp2_semantic_verification/results/cases/SupplyChainPaper/solidity_ast.json,/home/shenxz-lab/code/ChainCollab/Experiment/new/exp2_semantic_verification/results/cases/SupplyChainPaper/solidity_ast.json,historical search,historical,011b638d2a0161fe53d511f8fe3c2bdff8cf3ca87a1105466b158718a7ad3f35
existing_artifacts/Experiment/new/exp2_semantic_verification/results/cases/SupplyChainPaper/solidity_semantic_report.json,/home/shenxz-lab/code/ChainCollab/Experiment/new/exp2_semantic_verification/results/cases/SupplyChainPaper/solidity_semantic_report.json,historical search,historical,62746ecdf18b07b39ab88bde75b2a28da27f12f74c8ac4d316950311fa458e35
existing_artifacts/Experiment/new/exp3/426学习文档.md,/home/shenxz-lab/code/ChainCollab/Experiment/new/exp3/426学习文档.md,historical search,historical,17ead90eda9d3cb1af2d3aafd1dc62d365f83dd3640c948af1200fc7c07eddfc
existing_artifacts/Experiment/new/exp3/cases/SupplyChainPaper/generated_paths.json,/home/shenxz-lab/code/ChainCollab/Experiment/new/exp3/cases/SupplyChainPaper/generated_paths.json,historical search,historical,f7df0ae587a044a7c259a21085026d080454e5e0abfe1a264f91d04d6110bd90
existing_artifacts/Experiment/new/exp3/cases/SupplyChainPaper/paths/SupplyChainPaper_auto_path_001/logical_path.json,/home/shenxz-lab/code/ChainCollab/Experiment/new/exp3/cases/SupplyChainPaper/paths/SupplyChainPaper_auto_path_001/logical_path.json,historical search,historical,a8f36118828c2d9dc45afe47cded04fe48ff4058c4929494f5fbd8b160d1cfb0
existing_artifacts/Experiment/new/exp3/cases/SupplyChainPaper/paths/SupplyChainPaper_auto_path_002/logical_path.json,/home/shenxz-lab/code/ChainCollab/Experiment/new/exp3/cases/SupplyChainPaper/paths/SupplyChainPaper_auto_path_002/logical_path.json,historical search,historical,267817f6720009e8fc66e2bc44f64c0f32cc9d792f7071b89d34481ae20e9a2d
existing_artifacts/Experiment/new/exp3/cases/SupplyChainPaper/paths/SupplyChainPaper_auto_path_003/logical_path.json,/home/shenxz-lab/code/ChainCollab/Experiment/new/exp3/cases/SupplyChainPaper/paths/SupplyChainPaper_auto_path_003/logical_path.json,historical search,historical,9066435a96b75194b9e9c2db8935872f80302e63abed02ae0fe0b3ee1c673a1b
existing_artifacts/Experiment/new/exp3/cases/SupplyChainPaper/paths/SupplyChainPaper_auto_path_004/logical_path.json,/home/shenxz-lab/code/ChainCollab/Experiment/new/exp3/cases/SupplyChainPaper/paths/SupplyChainPaper_auto_path_004/logical_path.json,historical search,historical,bcbeff10aeaefc67e96fc62b429ea2cf8ee555a0fb263eee34b24e420dd5367d
existing_artifacts/Experiment/new/exp3/cases/SupplyChainPaper/paths/SupplyChainPaper_auto_path_005/logical_path.json,/home/shenxz-lab/code/ChainCollab/Experiment/new/exp3/cases/SupplyChainPaper/paths/SupplyChainPaper_auto_path_005/logical_path.json,historical search,historical,711435e3113a5ebabde2bcd2636d63f1dd2091fb207a02405418e79ccceefe7e
existing_artifacts/Experiment/new/exp3/cases/SupplyChainPaper/paths/SupplyChainPaper_auto_path_006/logical_path.json,/home/shenxz-lab/code/ChainCollab/Experiment/new/exp3/cases/SupplyChainPaper/paths/SupplyChainPaper_auto_path_006/logical_path.json,historical search,historical,49cda25d338f3679362d5c6507d240c666c2c4e3110feccb4ba157c8ab4a3b96
existing_artifacts/Experiment/new/exp3/cases/SupplyChainPaper/paths/SupplyChainPaper_auto_path_007/logical_path.json,/home/shenxz-lab/code/ChainCollab/Experiment/new/exp3/cases/SupplyChainPaper/paths/SupplyChainPaper_auto_path_007/logical_path.json,historical search,historical,5b04a59d436d996f71c10347c567adb04a6af8b74842ae3e49f76c7125514eb8
existing_artifacts/Experiment/new/exp3/cases/SupplyChainPaper/paths/SupplyChainPaper_auto_path_008/logical_path.json,/home/shenxz-lab/code/ChainCollab/Experiment/new/exp3/cases/SupplyChainPaper/paths/SupplyChainPaper_auto_path_008/logical_path.json,historical search,historical,4534e700da5cf8320213864ce7ab8a3f223ad22d50a12321495573e8aaa4f7e7
existing_artifacts/Experiment/new/exp3/dsl/SupplyChainPaper/paths/SupplyChainPaper_auto_path_001/case.json,/home/shenxz-lab/code/ChainCollab/Experiment/new/exp3/dsl/SupplyChainPaper/paths/SupplyChainPaper_auto_path_001/case.json,historical search,historical,75587afd966c2262fc5ea8e512439439442ebb9535bab4ccfb062f5c38517f07
existing_artifacts/Experiment/new/exp3/dsl/SupplyChainPaper/paths/SupplyChainPaper_auto_path_001/dsl_model.json,/home/shenxz-lab/code/ChainCollab/Experiment/new/exp3/dsl/SupplyChainPaper/paths/SupplyChainPaper_auto_path_001/dsl_model.json,historical search,historical,28a03b966ae80ff56ca108025fae64ac2bd8225699c58e59f434c73c480c1c9a
existing_artifacts/Experiment/new/exp3/dsl/SupplyChainPaper/paths/SupplyChainPaper_auto_path_001/dsl_trace.json,/home/shenxz-lab/code/ChainCollab/Experiment/new/exp3/dsl/SupplyChainPaper/paths/SupplyChainPaper_auto_path_001/dsl_trace.json,historical search,historical,03bbd3e6c16f3d4ae7111302329297e3b4c51b0faa77300b446b11fa3e0e5ff6
existing_artifacts/Experiment/new/exp3/dsl/SupplyChainPaper/paths/SupplyChainPaper_auto_path_001/path.json,/home/shenxz-lab/code/ChainCollab/Experiment/new/exp3/dsl/SupplyChainPaper/paths/SupplyChainPaper_auto_path_001/path.json,historical search,historical,2160723b24f58e7de0b0707b057a5e4bba05a3d3d6a4473ad1694baf918d0fb1
existing_artifacts/Experiment/new/exp3/dsl/SupplyChainPaper/paths/SupplyChainPaper_auto_path_002/case.json,/home/shenxz-lab/code/ChainCollab/Experiment/new/exp3/dsl/SupplyChainPaper/paths/SupplyChainPaper_auto_path_002/case.json,historical search,historical,c9a2e88631b2c06327e5f1ab50e19943d9b86fe6724614f1fe49dedeccc20e79
existing_artifacts/Experiment/new/exp3/dsl/SupplyChainPaper/paths/SupplyChainPaper_auto_path_002/dsl_model.json,/home/shenxz-lab/code/ChainCollab/Experiment/new/exp3/dsl/SupplyChainPaper/paths/SupplyChainPaper_auto_path_002/dsl_model.json,historical search,historical,28a03b966ae80ff56ca108025fae64ac2bd8225699c58e59f434c73c480c1c9a
existing_artifacts/Experiment/new/exp3/dsl/SupplyChainPaper/paths/SupplyChainPaper_auto_path_002/dsl_trace.json,/home/shenxz-lab/code/ChainCollab/Experiment/new/exp3/dsl/SupplyChainPaper/paths/SupplyChainPaper_auto_path_002/dsl_trace.json,historical search,historical,5e350eeb1064baaabbde9de8e5be8ae870021a256cc2bf6587010cdc9a43eddc
existing_artifacts/Experiment/new/exp3/dsl/SupplyChainPaper/paths/SupplyChainPaper_auto_path_002/path.json,/home/shenxz-lab/code/ChainCollab/Experiment/new/exp3/dsl/SupplyChainPaper/paths/SupplyChainPaper_auto_path_002/path.json,historical search,historical,e066e16d92a07106c09ec2269098cbe1e082405e9dde7d93c952164e9eff8bef
existing_artifacts/Experiment/new/exp3/dsl/SupplyChainPaper/paths/SupplyChainPaper_auto_path_003/case.json,/home/shenxz-lab/code/ChainCollab/Experiment/new/exp3/dsl/SupplyChainPaper/paths/SupplyChainPaper_auto_path_003/case.json,historical search,historical,f99972bf6c9e3cad2aab9f0dfd0b92f16732ffec633434074bbef99c7ff51652
existing_artifacts/Experiment/new/exp3/dsl/SupplyChainPaper/paths/SupplyChainPaper_auto_path_003/dsl_model.json,/home/shenxz-lab/code/ChainCollab/Experiment/new/exp3/dsl/SupplyChainPaper/paths/SupplyChainPaper_auto_path_003/dsl_model.json,historical search,historical,28a03b966ae80ff56ca108025fae64ac2bd8225699c58e59f434c73c480c1c9a
existing_artifacts/Experiment/new/exp3/dsl/SupplyChainPaper/paths/SupplyChainPaper_auto_path_003/dsl_trace.json,/home/shenxz-lab/code/ChainCollab/Experiment/new/exp3/dsl/SupplyChainPaper/paths/SupplyChainPaper_auto_path_003/dsl_trace.json,historical search,historical,f0a8421ae76a6ee5737caceb4e5dfaf73ff107870add81e1885b3d26fdd033f8
existing_artifacts/Experiment/new/exp3/dsl/SupplyChainPaper/paths/SupplyChainPaper_auto_path_003/path.json,/home/shenxz-lab/code/ChainCollab/Experiment/new/exp3/dsl/SupplyChainPaper/paths/SupplyChainPaper_auto_path_003/path.json,historical search,historical,0af163b4a9eec26859aec9a357b59365edd081405977c3885817ee09975f6f28
existing_artifacts/Experiment/new/exp3/dsl/SupplyChainPaper/paths/SupplyChainPaper_auto_path_004/case.json,/home/shenxz-lab/code/ChainCollab/Experiment/new/exp3/dsl/SupplyChainPaper/paths/SupplyChainPaper_auto_path_004/case.json,historical search,historical,9d1b230cc995068375a70f20258299e1ee390e38225290c349bd0ae594b2ecfc
existing_artifacts/Experiment/new/exp3/dsl/SupplyChainPaper/paths/SupplyChainPaper_auto_path_004/dsl_model.json,/home/shenxz-lab/code/ChainCollab/Experiment/new/exp3/dsl/SupplyChainPaper/paths/SupplyChainPaper_auto_path_004/dsl_model.json,historical search,historical,28a03b966ae80ff56ca108025fae64ac2bd8225699c58e59f434c73c480c1c9a
existing_artifacts/Experiment/new/exp3/dsl/SupplyChainPaper/paths/SupplyChainPaper_auto_path_004/dsl_trace.json,/home/shenxz-lab/code/ChainCollab/Experiment/new/exp3/dsl/SupplyChainPaper/paths/SupplyChainPaper_auto_path_004/dsl_trace.json,historical search,historical,ea5fb375d95346ff18c010a233141b679ce7121f33f5765656962f22e1c17519
existing_artifacts/Experiment/new/exp3/dsl/SupplyChainPaper/paths/SupplyChainPaper_auto_path_004/path.json,/home/shenxz-lab/code/ChainCollab/Experiment/new/exp3/dsl/SupplyChainPaper/paths/SupplyChainPaper_auto_path_004/path.json,historical search,historical,be295d1f9e486ef435789f50555920bd9c565e4c7f0b30918405cc8269add049
existing_artifacts/Experiment/new/exp3/dsl/SupplyChainPaper/paths/SupplyChainPaper_auto_path_005/case.json,/home/shenxz-lab/code/ChainCollab/Experiment/new/exp3/dsl/SupplyChainPaper/paths/SupplyChainPaper_auto_path_005/case.json,historical search,historical,4f77ab5a5a69bc544b6bff8b2244d12141f220a87e850f5277743a79385368de
existing_artifacts/Experiment/new/exp3/dsl/SupplyChainPaper/paths/SupplyChainPaper_auto_path_005/dsl_model.json,/home/shenxz-lab/code/ChainCollab/Experiment/new/exp3/dsl/SupplyChainPaper/paths/SupplyChainPaper_auto_path_005/dsl_model.json,historical search,historical,28a03b966ae80ff56ca108025fae64ac2bd8225699c58e59f434c73c480c1c9a
existing_artifacts/Experiment/new/exp3/dsl/SupplyChainPaper/paths/SupplyChainPaper_auto_path_005/dsl_trace.json,/home/shenxz-lab/code/ChainCollab/Experiment/new/exp3/dsl/SupplyChainPaper/paths/SupplyChainPaper_auto_path_005/dsl_trace.json,historical search,historical,11ad57bb8c5f4aa6066c03660e5558b93bf55cbb6ef7da6e399d63fba4a757a6
existing_artifacts/Experiment/new/exp3/dsl/SupplyChainPaper/paths/SupplyChainPaper_auto_path_005/path.json,/home/shenxz-lab/code/ChainCollab/Experiment/new/exp3/dsl/SupplyChainPaper/paths/SupplyChainPaper_auto_path_005/path.json,historical search,historical,b180794bec3ada579f8067e6ae8a51badad8b64be5bc509b138ca01edc8a39b6
existing_artifacts/Experiment/new/exp3/dsl/SupplyChainPaper/paths/SupplyChainPaper_auto_path_006/case.json,/home/shenxz-lab/code/ChainCollab/Experiment/new/exp3/dsl/SupplyChainPaper/paths/SupplyChainPaper_auto_path_006/case.json,historical search,historical,47d245c0418b863c78044f0b6d62fd9dc30c61e02fbe5d3fb281b4cb80b85349
existing_artifacts/Experiment/new/exp3/dsl/SupplyChainPaper/paths/SupplyChainPaper_auto_path_006/dsl_model.json,/home/shenxz-lab/code/ChainCollab/Experiment/new/exp3/dsl/SupplyChainPaper/paths/SupplyChainPaper_auto_path_006/dsl_model.json,historical search,historical,28a03b966ae80ff56ca108025fae64ac2bd8225699c58e59f434c73c480c1c9a
existing_artifacts/Experiment/new/exp3/dsl/SupplyChainPaper/paths/SupplyChainPaper_auto_path_006/dsl_trace.json,/home/shenxz-lab/code/ChainCollab/Experiment/new/exp3/dsl/SupplyChainPaper/paths/SupplyChainPaper_auto_path_006/dsl_trace.json,historical search,historical,66f94e64e816728dd74421373db762644808cae72f8cff50a6b6d8984494fa58
existing_artifacts/Experiment/new/exp3/dsl/SupplyChainPaper/paths/SupplyChainPaper_auto_path_006/path.json,/home/shenxz-lab/code/ChainCollab/Experiment/new/exp3/dsl/SupplyChainPaper/paths/SupplyChainPaper_auto_path_006/path.json,historical search,historical,06c19b6c02c82af597a832d00cc7fc18d087b94b1aa8d297235adaff6bbdbc37
existing_artifacts/Experiment/new/exp3/dsl/SupplyChainPaper/paths/SupplyChainPaper_auto_path_007/case.json,/home/shenxz-lab/code/ChainCollab/Experiment/new/exp3/dsl/SupplyChainPaper/paths/SupplyChainPaper_auto_path_007/case.json,historical search,historical,099c27e038803b3dfcfb1772ecb1e18f0823d229a3cc7a1a182de7c62f5a8ae9
existing_artifacts/Experiment/new/exp3/dsl/SupplyChainPaper/paths/SupplyChainPaper_auto_path_007/dsl_model.json,/home/shenxz-lab/code/ChainCollab/Experiment/new/exp3/dsl/SupplyChainPaper/paths/SupplyChainPaper_auto_path_007/dsl_model.json,historical search,historical,28a03b966ae80ff56ca108025fae64ac2bd8225699c58e59f434c73c480c1c9a
existing_artifacts/Experiment/new/exp3/dsl/SupplyChainPaper/paths/SupplyChainPaper_auto_path_007/dsl_trace.json,/home/shenxz-lab/code/ChainCollab/Experiment/new/exp3/dsl/SupplyChainPaper/paths/SupplyChainPaper_auto_path_007/dsl_trace.json,historical search,historical,75125f95f75daaa4f058f71f8a4661d81da5b07ff67e856a6272619d549add95
existing_artifacts/Experiment/new/exp3/dsl/SupplyChainPaper/paths/SupplyChainPaper_auto_path_007/path.json,/home/shenxz-lab/code/ChainCollab/Experiment/new/exp3/dsl/SupplyChainPaper/paths/SupplyChainPaper_auto_path_007/path.json,historical search,historical,e09aec36525e66494d6944fc95d713d0ca3130847938eee7e8db2124e8ee9180
existing_artifacts/Experiment/new/exp3/dsl/SupplyChainPaper/paths/SupplyChainPaper_auto_path_008/case.json,/home/shenxz-lab/code/ChainCollab/Experiment/new/exp3/dsl/SupplyChainPaper/paths/SupplyChainPaper_auto_path_008/case.json,historical search,historical,b88baa0aeff3cf706b4987a94b6538eb2df6d89e70a1ff2ec092e5d46e203264
existing_artifacts/Experiment/new/exp3/dsl/SupplyChainPaper/paths/SupplyChainPaper_auto_path_008/dsl_model.json,/home/shenxz-lab/code/ChainCollab/Experiment/new/exp3/dsl/SupplyChainPaper/paths/SupplyChainPaper_auto_path_008/dsl_model.json,historical search,historical,28a03b966ae80ff56ca108025fae64ac2bd8225699c58e59f434c73c480c1c9a
existing_artifacts/Experiment/new/exp3/dsl/SupplyChainPaper/paths/SupplyChainPaper_auto_path_008/dsl_trace.json,/home/shenxz-lab/code/ChainCollab/Experiment/new/exp3/dsl/SupplyChainPaper/paths/SupplyChainPaper_auto_path_008/dsl_trace.json,historical search,historical,8e277f97cc55a8abf63e7926e9eee83ca5e2487bbfc5139d6e63e94e4e7899dc
existing_artifacts/Experiment/new/exp3/dsl/SupplyChainPaper/paths/SupplyChainPaper_auto_path_008/path.json,/home/shenxz-lab/code/ChainCollab/Experiment/new/exp3/dsl/SupplyChainPaper/paths/SupplyChainPaper_auto_path_008/path.json,historical search,historical,874e03071daca41d791b53cb4db5507e0b650935c58d6d70ff55f0ea78fa1dd9
existing_artifacts/Experiment/new/exp3/fabric/2026-05-13-fabric-auto-replay-notes.md,/home/shenxz-lab/code/ChainCollab/Experiment/new/exp3/fabric/2026-05-13-fabric-auto-replay-notes.md,historical search,historical,bcf270d946e6f14227818308e99679243bcf4f2ccdac50ed80a201fdf379afea
existing_artifacts/Experiment/new/exp3/fabric/SupplyChainPaper/2026-05-13-fabric-auto-replay-notes.md,/home/shenxz-lab/code/ChainCollab/Experiment/new/exp3/fabric/SupplyChainPaper/2026-05-13-fabric-auto-replay-notes.md,historical search,historical,bcf270d946e6f14227818308e99679243bcf4f2ccdac50ed80a201fdf379afea
existing_artifacts/Experiment/new/exp3/fabric/SupplyChainPaper/fabric_replay_config.from_frontend_param.json,/home/shenxz-lab/code/ChainCollab/Experiment/new/exp3/fabric/SupplyChainPaper/fabric_replay_config.from_frontend_param.json,historical search,historical,fd0ab0cbc22a6b43b9d2ee501ccd2ffce56337fe2b0bb0e03066d63e875dea6e
existing_artifacts/Experiment/new/exp3/fabric/SupplyChainPaper/paths/SupplyChainPaper_auto_path_001/replays/replay_20260514_151653.json,/home/shenxz-lab/code/ChainCollab/Experiment/new/exp3/fabric/SupplyChainPaper/paths/SupplyChainPaper_auto_path_001/replays/replay_20260514_151653.json,historical search,historical,4ca3face2c7abc32e869b9a2617715e53e3e40241988883f1c177368503f2898
existing_artifacts/Experiment/new/exp3/fabric/SupplyChainPaper/paths/SupplyChainPaper_auto_path_001/replays/replay_20260514_151653.md,/home/shenxz-lab/code/ChainCollab/Experiment/new/exp3/fabric/SupplyChainPaper/paths/SupplyChainPaper_auto_path_001/replays/replay_20260514_151653.md,historical search,historical,4d40206c0ad26e5b6766d130a3636d9a16df0ee960e24ff9ea12c0d55860029f
existing_artifacts/Experiment/new/exp3/fabric/SupplyChainPaper/paths/SupplyChainPaper_auto_path_002/replays/replay_20260514_151758.json,/home/shenxz-lab/code/ChainCollab/Experiment/new/exp3/fabric/SupplyChainPaper/paths/SupplyChainPaper_auto_path_002/replays/replay_20260514_151758.json,historical search,historical,89689d41c806dac85de2d377caacf49c4db48748e3962b3e99ff9ca2bb143d82
existing_artifacts/Experiment/new/exp3/fabric/SupplyChainPaper/paths/SupplyChainPaper_auto_path_002/replays/replay_20260514_151758.md,/home/shenxz-lab/code/ChainCollab/Experiment/new/exp3/fabric/SupplyChainPaper/paths/SupplyChainPaper_auto_path_002/replays/replay_20260514_151758.md,historical search,historical,f3cafc467e6ab81e00513d96bff5d994f69828e43bb5043baee0d568cda4826c
existing_artifacts/Experiment/new/exp3/fabric/SupplyChainPaper/paths/SupplyChainPaper_auto_path_003/replays/replay_20260514_151901.json,/home/shenxz-lab/code/ChainCollab/Experiment/new/exp3/fabric/SupplyChainPaper/paths/SupplyChainPaper_auto_path_003/replays/replay_20260514_151901.json,historical search,historical,a53fd76984e0eb9cac4f3df80700fb126eb24cbe3e65d7b279d82a2c6588ba53
existing_artifacts/Experiment/new/exp3/fabric/SupplyChainPaper/paths/SupplyChainPaper_auto_path_003/replays/replay_20260514_151901.md,/home/shenxz-lab/code/ChainCollab/Experiment/new/exp3/fabric/SupplyChainPaper/paths/SupplyChainPaper_auto_path_003/replays/replay_20260514_151901.md,historical search,historical,9b3532d168d21801761c51a0f687d67cabdfb521278f392b8de122ad8887747e
existing_artifacts/Experiment/new/exp3/fabric/SupplyChainPaper/paths/SupplyChainPaper_auto_path_004/replays/replay_20260514_152008.json,/home/shenxz-lab/code/ChainCollab/Experiment/new/exp3/fabric/SupplyChainPaper/paths/SupplyChainPaper_auto_path_004/replays/replay_20260514_152008.json,historical search,historical,4d6a75a0194bfd697c176e6a0552c7b659a2f6d06b338b31f8d9c4e4677cbbc9
existing_artifacts/Experiment/new/exp3/fabric/SupplyChainPaper/paths/SupplyChainPaper_auto_path_004/replays/replay_20260514_152008.md,/home/shenxz-lab/code/ChainCollab/Experiment/new/exp3/fabric/SupplyChainPaper/paths/SupplyChainPaper_auto_path_004/replays/replay_20260514_152008.md,historical search,historical,f66bed47f778a936544a8f61eb73bc5aba92f4ea15bd46b92872b41b0cd5ff59
existing_artifacts/Experiment/new/exp3/fabric/SupplyChainPaper/paths/SupplyChainPaper_auto_path_005/replays/replay_20260514_152113.json,/home/shenxz-lab/code/ChainCollab/Experiment/new/exp3/fabric/SupplyChainPaper/paths/SupplyChainPaper_auto_path_005/replays/replay_20260514_152113.json,historical search,historical,3d75b2e1d4f2e314cea8d38fc9202d6545f3a5ce159986ac7c4594301b006231
existing_artifacts/Experiment/new/exp3/fabric/SupplyChainPaper/paths/SupplyChainPaper_auto_path_005/replays/replay_20260514_152113.md,/home/shenxz-lab/code/ChainCollab/Experiment/new/exp3/fabric/SupplyChainPaper/paths/SupplyChainPaper_auto_path_005/replays/replay_20260514_152113.md,historical search,historical,9db4926431eaea5f5d5af84497df5544c19d6672f7ee3c7dacdb2eb24d53e753
existing_artifacts/Experiment/new/exp3/fabric/SupplyChainPaper/paths/SupplyChainPaper_auto_path_006/replays/replay_20260514_152216.json,/home/shenxz-lab/code/ChainCollab/Experiment/new/exp3/fabric/SupplyChainPaper/paths/SupplyChainPaper_auto_path_006/replays/replay_20260514_152216.json,historical search,historical,392abdadc14a9a6fd88eec9ddee8b83817c80725220805ccd328ef27c44486a2
existing_artifacts/Experiment/new/exp3/fabric/SupplyChainPaper/paths/SupplyChainPaper_auto_path_006/replays/replay_20260514_152216.md,/home/shenxz-lab/code/ChainCollab/Experiment/new/exp3/fabric/SupplyChainPaper/paths/SupplyChainPaper_auto_path_006/replays/replay_20260514_152216.md,historical search,historical,cddefa22bd22769a6fbc2fb231970be1e46a9540e86aac8c177e274a1b7ef663
existing_artifacts/Experiment/new/exp3/fabric/SupplyChainPaper/paths/SupplyChainPaper_auto_path_007/replays/replay_20260514_152322.json,/home/shenxz-lab/code/ChainCollab/Experiment/new/exp3/fabric/SupplyChainPaper/paths/SupplyChainPaper_auto_path_007/replays/replay_20260514_152322.json,historical search,historical,a4d2576603b83a0264e6a957759224999035533c73d86ada0f9e7451c79400e1
existing_artifacts/Experiment/new/exp3/fabric/SupplyChainPaper/paths/SupplyChainPaper_auto_path_007/replays/replay_20260514_152322.md,/home/shenxz-lab/code/ChainCollab/Experiment/new/exp3/fabric/SupplyChainPaper/paths/SupplyChainPaper_auto_path_007/replays/replay_20260514_152322.md,historical search,historical,358a7e6e89b231807728182caf2becef239b341ae7bd3efd36e37dee4edc96ce
existing_artifacts/Experiment/new/exp3/fabric/SupplyChainPaper/paths/SupplyChainPaper_auto_path_008/replays/replay_20260514_152428.json,/home/shenxz-lab/code/ChainCollab/Experiment/new/exp3/fabric/SupplyChainPaper/paths/SupplyChainPaper_auto_path_008/replays/replay_20260514_152428.json,historical search,historical,58a36879d24e949aad66e1ef6eabdc2f8bfe5f1f23795816babd6454c504dad3
existing_artifacts/Experiment/new/exp3/fabric/SupplyChainPaper/paths/SupplyChainPaper_auto_path_008/replays/replay_20260514_152428.md,/home/shenxz-lab/code/ChainCollab/Experiment/new/exp3/fabric/SupplyChainPaper/paths/SupplyChainPaper_auto_path_008/replays/replay_20260514_152428.md,historical search,historical,2425d6c29d4b09800b0b8b64ddd325bd26fbafe35a2f3033def9cb7cfe6b2240
existing_artifacts/Experiment/new/exp3/fabric/amazon/2026-05-13-fabric-auto-replay-notes.md,/home/shenxz-lab/code/ChainCollab/Experiment/new/exp3/fabric/amazon/2026-05-13-fabric-auto-replay-notes.md,historical search,historical,bcf270d946e6f14227818308e99679243bcf4f2ccdac50ed80a201fdf379afea
existing_artifacts/Experiment/new/exp3/outputs/SupplyChainPaper/paths/SupplyChainPaper_auto_path_001/normalized/dsl.normalized.json,/home/shenxz-lab/code/ChainCollab/Experiment/new/exp3/outputs/SupplyChainPaper/paths/SupplyChainPaper_auto_path_001/normalized/dsl.normalized.json,historical search,historical,5dca196ad0c3aab34904c48466095559e784a8bda684f13f4284632ed3213a97
existing_artifacts/Experiment/new/exp3/outputs/SupplyChainPaper/paths/SupplyChainPaper_auto_path_001/normalized/fabric.normalized.json,/home/shenxz-lab/code/ChainCollab/Experiment/new/exp3/outputs/SupplyChainPaper/paths/SupplyChainPaper_auto_path_001/normalized/fabric.normalized.json,historical search,historical,5b467b52935c2a41908a247c2b53adc3494dd209bbf44f6c1aabdba3038f2879
existing_artifacts/Experiment/new/exp3/outputs/SupplyChainPaper/paths/SupplyChainPaper_auto_path_001/normalized/solidity.normalized.json,/home/shenxz-lab/code/ChainCollab/Experiment/new/exp3/outputs/SupplyChainPaper/paths/SupplyChainPaper_auto_path_001/normalized/solidity.normalized.json,historical search,historical,e4332974d6bc4d7e00959c1c8434be189082929422e9513f327296dc14780d0f
existing_artifacts/Experiment/new/exp3/outputs/SupplyChainPaper/paths/SupplyChainPaper_auto_path_002/normalized/dsl.normalized.json,/home/shenxz-lab/code/ChainCollab/Experiment/new/exp3/outputs/SupplyChainPaper/paths/SupplyChainPaper_auto_path_002/normalized/dsl.normalized.json,historical search,historical,58d8a547fcc8dfddd66c1dbb7e48ef12d565a629a7b2a627da49e375d1bbf6dc
existing_artifacts/Experiment/new/exp3/outputs/SupplyChainPaper/paths/SupplyChainPaper_auto_path_002/normalized/fabric.normalized.json,/home/shenxz-lab/code/ChainCollab/Experiment/new/exp3/outputs/SupplyChainPaper/paths/SupplyChainPaper_auto_path_002/normalized/fabric.normalized.json,historical search,historical,e87a2392302bcd600dfb264a559f34b180c62e83bf1d9113b245e0c621f508f3
existing_artifacts/Experiment/new/exp3/outputs/SupplyChainPaper/paths/SupplyChainPaper_auto_path_002/normalized/solidity.normalized.json,/home/shenxz-lab/code/ChainCollab/Experiment/new/exp3/outputs/SupplyChainPaper/paths/SupplyChainPaper_auto_path_002/normalized/solidity.normalized.json,historical search,historical,8d8ed1bd951a08eddfc844d0ac69b34f372c4d6cc126904a047efbeb33acb9bb
existing_artifacts/Experiment/new/exp3/outputs/SupplyChainPaper/paths/SupplyChainPaper_auto_path_003/normalized/dsl.normalized.json,/home/shenxz-lab/code/ChainCollab/Experiment/new/exp3/outputs/SupplyChainPaper/paths/SupplyChainPaper_auto_path_003/normalized/dsl.normalized.json,historical search,historical,4177dac04d2730292d0fe576c3dde5cc56d93538f5a6c08f98f6cfa9dbf6301b
existing_artifacts/Experiment/new/exp3/outputs/SupplyChainPaper/paths/SupplyChainPaper_auto_path_003/normalized/fabric.normalized.json,/home/shenxz-lab/code/ChainCollab/Experiment/new/exp3/outputs/SupplyChainPaper/paths/SupplyChainPaper_auto_path_003/normalized/fabric.normalized.json,historical search,historical,d2dc973bb45afffbce08c3800c74749078199dbd434a13b57e514f285acbf0d5
existing_artifacts/Experiment/new/exp3/outputs/SupplyChainPaper/paths/SupplyChainPaper_auto_path_003/normalized/solidity.normalized.json,/home/shenxz-lab/code/ChainCollab/Experiment/new/exp3/outputs/SupplyChainPaper/paths/SupplyChainPaper_auto_path_003/normalized/solidity.normalized.json,historical search,historical,f7a5dd135b434f310f6109a651620d7eb8491ef6877a01f28cd2a9a21935d1c9
existing_artifacts/Experiment/new/exp3/outputs/SupplyChainPaper/paths/SupplyChainPaper_auto_path_004/normalized/dsl.normalized.json,/home/shenxz-lab/code/ChainCollab/Experiment/new/exp3/outputs/SupplyChainPaper/paths/SupplyChainPaper_auto_path_004/normalized/dsl.normalized.json,historical search,historical,fe9ca979d57c645f6c104a146d5b5dac8e578f9e4b117542ae20f1f7b817b898
existing_artifacts/Experiment/new/exp3/outputs/SupplyChainPaper/paths/SupplyChainPaper_auto_path_004/normalized/fabric.normalized.json,/home/shenxz-lab/code/ChainCollab/Experiment/new/exp3/outputs/SupplyChainPaper/paths/SupplyChainPaper_auto_path_004/normalized/fabric.normalized.json,historical search,historical,8f3874e8bcfebb030b575ed2a4660f4de7a0b4e37daf55e1ed9c29dce6814dc5
existing_artifacts/Experiment/new/exp3/outputs/SupplyChainPaper/paths/SupplyChainPaper_auto_path_004/normalized/solidity.normalized.json,/home/shenxz-lab/code/ChainCollab/Experiment/new/exp3/outputs/SupplyChainPaper/paths/SupplyChainPaper_auto_path_004/normalized/solidity.normalized.json,historical search,historical,3a5053ae5b21cf5c7cec913b05c6b1f32cf165bb79172f14a1c16da1763fd500
existing_artifacts/Experiment/new/exp3/outputs/SupplyChainPaper/paths/SupplyChainPaper_auto_path_005/normalized/dsl.normalized.json,/home/shenxz-lab/code/ChainCollab/Experiment/new/exp3/outputs/SupplyChainPaper/paths/SupplyChainPaper_auto_path_005/normalized/dsl.normalized.json,historical search,historical,1050a2542f01cd83e88b0b363f8f401c05b33b8134b5173b2707aca8e58173f8
existing_artifacts/Experiment/new/exp3/outputs/SupplyChainPaper/paths/SupplyChainPaper_auto_path_005/normalized/fabric.normalized.json,/home/shenxz-lab/code/ChainCollab/Experiment/new/exp3/outputs/SupplyChainPaper/paths/SupplyChainPaper_auto_path_005/normalized/fabric.normalized.json,historical search,historical,61a1c909f7f5421124e205bb34ec85bf10accaeef284f03da31733e401fd0650
existing_artifacts/Experiment/new/exp3/outputs/SupplyChainPaper/paths/SupplyChainPaper_auto_path_005/normalized/solidity.normalized.json,/home/shenxz-lab/code/ChainCollab/Experiment/new/exp3/outputs/SupplyChainPaper/paths/SupplyChainPaper_auto_path_005/normalized/solidity.normalized.json,historical search,historical,5704fe99d9f147fb751f15ccd4eb2659c72c7c723a462f2065be6161ce5598b3
existing_artifacts/Experiment/new/exp3/outputs/SupplyChainPaper/paths/SupplyChainPaper_auto_path_006/normalized/dsl.normalized.json,/home/shenxz-lab/code/ChainCollab/Experiment/new/exp3/outputs/SupplyChainPaper/paths/SupplyChainPaper_auto_path_006/normalized/dsl.normalized.json,historical search,historical,cd5c64268881e992e5df336224f888627b04d95d5457b88e9f1cf73690238906
existing_artifacts/Experiment/new/exp3/outputs/SupplyChainPaper/paths/SupplyChainPaper_auto_path_006/normalized/fabric.normalized.json,/home/shenxz-lab/code/ChainCollab/Experiment/new/exp3/outputs/SupplyChainPaper/paths/SupplyChainPaper_auto_path_006/normalized/fabric.normalized.json,historical search,historical,264a62976c49a7ee32a2fccf570933d0c383841a8f6abf54d8639812e60a361c
existing_artifacts/Experiment/new/exp3/outputs/SupplyChainPaper/paths/SupplyChainPaper_auto_path_006/normalized/solidity.normalized.json,/home/shenxz-lab/code/ChainCollab/Experiment/new/exp3/outputs/SupplyChainPaper/paths/SupplyChainPaper_auto_path_006/normalized/solidity.normalized.json,historical search,historical,d067b95ffff7817ad94021cb127c3ea67b5dbdd11f46e7a6ba540980307169ec
existing_artifacts/Experiment/new/exp3/outputs/SupplyChainPaper/paths/SupplyChainPaper_auto_path_007/normalized/dsl.normalized.json,/home/shenxz-lab/code/ChainCollab/Experiment/new/exp3/outputs/SupplyChainPaper/paths/SupplyChainPaper_auto_path_007/normalized/dsl.normalized.json,historical search,historical,abaf46506f1a00a690cbfd8d5da200c92f8789a917b81076af46f862fd7058e5
existing_artifacts/Experiment/new/exp3/outputs/SupplyChainPaper/paths/SupplyChainPaper_auto_path_007/normalized/fabric.normalized.json,/home/shenxz-lab/code/ChainCollab/Experiment/new/exp3/outputs/SupplyChainPaper/paths/SupplyChainPaper_auto_path_007/normalized/fabric.normalized.json,historical search,historical,0371fe0bfac98e3c0015e7ad445d506f7dfefdce7c8bd78925fa65aa3a938280
existing_artifacts/Experiment/new/exp3/outputs/SupplyChainPaper/paths/SupplyChainPaper_auto_path_007/normalized/solidity.normalized.json,/home/shenxz-lab/code/ChainCollab/Experiment/new/exp3/outputs/SupplyChainPaper/paths/SupplyChainPaper_auto_path_007/normalized/solidity.normalized.json,historical search,historical,736df0c3a07f1e845d5c3bbdbe8f2f7b5d02bd7279f880122063676d3f166073
existing_artifacts/Experiment/new/exp3/outputs/SupplyChainPaper/paths/SupplyChainPaper_auto_path_008/normalized/dsl.normalized.json,/home/shenxz-lab/code/ChainCollab/Experiment/new/exp3/outputs/SupplyChainPaper/paths/SupplyChainPaper_auto_path_008/normalized/dsl.normalized.json,historical search,historical,5859f63494e9416f330683f5fe0018e433c48852fdfa6687cb226111d0b45fca
existing_artifacts/Experiment/new/exp3/outputs/SupplyChainPaper/paths/SupplyChainPaper_auto_path_008/normalized/fabric.normalized.json,/home/shenxz-lab/code/ChainCollab/Experiment/new/exp3/outputs/SupplyChainPaper/paths/SupplyChainPaper_auto_path_008/normalized/fabric.normalized.json,historical search,historical,87b1fe1888747f79d622bd08912e25b3f72d9eb19a3da618f1aa733729b8ae21
existing_artifacts/Experiment/new/exp3/outputs/SupplyChainPaper/paths/SupplyChainPaper_auto_path_008/normalized/solidity.normalized.json,/home/shenxz-lab/code/ChainCollab/Experiment/new/exp3/outputs/SupplyChainPaper/paths/SupplyChainPaper_auto_path_008/normalized/solidity.normalized.json,historical search,historical,1bf2b33af2487e2338c3619919edcf591cc25017e09e1023a6d2ee1a771e1ef9
existing_artifacts/Experiment/new/exp3/solidity/SupplyChainPaper/paths/SupplyChainPaper_auto_path_001/execution_sequence.json,/home/shenxz-lab/code/ChainCollab/Experiment/new/exp3/solidity/SupplyChainPaper/paths/SupplyChainPaper_auto_path_001/execution_sequence.json,historical search,historical,17290e83a51e1c19f585eb8eae5fbf973b22d832d211bcaf1dadc088dcfdf71d
existing_artifacts/Experiment/new/exp3/solidity/SupplyChainPaper/paths/SupplyChainPaper_auto_path_001/replays/replay_20260428_212846.json,/home/shenxz-lab/code/ChainCollab/Experiment/new/exp3/solidity/SupplyChainPaper/paths/SupplyChainPaper_auto_path_001/replays/replay_20260428_212846.json,historical search,historical,d787d994041d33cd906921c6e0355d284afbd7ede1d1eccc60a452c47356d1af
existing_artifacts/Experiment/new/exp3/solidity/SupplyChainPaper/paths/SupplyChainPaper_auto_path_001/replays/replay_20260428_212846.md,/home/shenxz-lab/code/ChainCollab/Experiment/new/exp3/solidity/SupplyChainPaper/paths/SupplyChainPaper_auto_path_001/replays/replay_20260428_212846.md,historical search,historical,315c1a9052e743e518f4cd1a834bac3cfc46739649b660f8a7cdc9777e0912aa
existing_artifacts/Experiment/new/exp3/solidity/SupplyChainPaper/paths/SupplyChainPaper_auto_path_002/execution_sequence.json,/home/shenxz-lab/code/ChainCollab/Experiment/new/exp3/solidity/SupplyChainPaper/paths/SupplyChainPaper_auto_path_002/execution_sequence.json,historical search,historical,c245c25ba86d1ba5e8112db0ca7bd4d81cb2e1654ac9cce70c6d3cf43d4b7754
existing_artifacts/Experiment/new/exp3/solidity/SupplyChainPaper/paths/SupplyChainPaper_auto_path_002/replays/replay_20260428_213325.json,/home/shenxz-lab/code/ChainCollab/Experiment/new/exp3/solidity/SupplyChainPaper/paths/SupplyChainPaper_auto_path_002/replays/replay_20260428_213325.json,historical search,historical,c3c43aab4bb26090b9bdd2800edbbb705df63dd954c7876b9b22deaaa9c6bf1d
existing_artifacts/Experiment/new/exp3/solidity/SupplyChainPaper/paths/SupplyChainPaper_auto_path_002/replays/replay_20260428_213325.md,/home/shenxz-lab/code/ChainCollab/Experiment/new/exp3/solidity/SupplyChainPaper/paths/SupplyChainPaper_auto_path_002/replays/replay_20260428_213325.md,historical search,historical,64da3fbe77753fbd559032318bd80e5d04f3259b1b37b9d2805e433318d4ea1f
existing_artifacts/Experiment/new/exp3/solidity/SupplyChainPaper/paths/SupplyChainPaper_auto_path_003/execution_sequence.json,/home/shenxz-lab/code/ChainCollab/Experiment/new/exp3/solidity/SupplyChainPaper/paths/SupplyChainPaper_auto_path_003/execution_sequence.json,historical search,historical,d93c822b235b73987222feb9db9f9d82af2c02f67b8413aee1e8c977c8930218
existing_artifacts/Experiment/new/exp3/solidity/SupplyChainPaper/paths/SupplyChainPaper_auto_path_003/replays/replay_20260429_154129.json,/home/shenxz-lab/code/ChainCollab/Experiment/new/exp3/solidity/SupplyChainPaper/paths/SupplyChainPaper_auto_path_003/replays/replay_20260429_154129.json,historical search,historical,0c556f852e831185a24c31ffac8724f627642a8a27e6ca8408716f8404a78ac3
existing_artifacts/Experiment/new/exp3/solidity/SupplyChainPaper/paths/SupplyChainPaper_auto_path_003/replays/replay_20260429_154129.md,/home/shenxz-lab/code/ChainCollab/Experiment/new/exp3/solidity/SupplyChainPaper/paths/SupplyChainPaper_auto_path_003/replays/replay_20260429_154129.md,historical search,historical,8f09d30642bcb580aed8d551d53175d700d1908c477f86c0d8fa170ef3861ed5
existing_artifacts/Experiment/new/exp3/solidity/SupplyChainPaper/paths/SupplyChainPaper_auto_path_004/execution_sequence.json,/home/shenxz-lab/code/ChainCollab/Experiment/new/exp3/solidity/SupplyChainPaper/paths/SupplyChainPaper_auto_path_004/execution_sequence.json,historical search,historical,415c9612f48d0c62fba9575bd3b174978b6b1476d8be377b5b02c517ec0bf40a
existing_artifacts/Experiment/new/exp3/solidity/SupplyChainPaper/paths/SupplyChainPaper_auto_path_004/replays/replay_20260426_215918.json,/home/shenxz-lab/code/ChainCollab/Experiment/new/exp3/solidity/SupplyChainPaper/paths/SupplyChainPaper_auto_path_004/replays/replay_20260426_215918.json,historical search,historical,fd76de2a6faec3d832dd66308fbbaea7a25ae95159efeaee20d2137d430be08e
existing_artifacts/Experiment/new/exp3/solidity/SupplyChainPaper/paths/SupplyChainPaper_auto_path_004/replays/replay_20260426_215918.md,/home/shenxz-lab/code/ChainCollab/Experiment/new/exp3/solidity/SupplyChainPaper/paths/SupplyChainPaper_auto_path_004/replays/replay_20260426_215918.md,historical search,historical,4a58f2df58e113f383b7d32e42462e298c2aa025ff72d424664a6763b740a0f0
existing_artifacts/Experiment/new/exp3/solidity/SupplyChainPaper/paths/SupplyChainPaper_auto_path_005/execution_sequence.json,/home/shenxz-lab/code/ChainCollab/Experiment/new/exp3/solidity/SupplyChainPaper/paths/SupplyChainPaper_auto_path_005/execution_sequence.json,historical search,historical,cf72f453f2dade168f2b5b215b626653b6248a15394c9b24f8ddaefbe9e081ea
existing_artifacts/Experiment/new/exp3/solidity/SupplyChainPaper/paths/SupplyChainPaper_auto_path_005/replays/replay_20260429_154642.json,/home/shenxz-lab/code/ChainCollab/Experiment/new/exp3/solidity/SupplyChainPaper/paths/SupplyChainPaper_auto_path_005/replays/replay_20260429_154642.json,historical search,historical,7a7ae417c799487584e632aa501be7bfd916f06ce1391d6e5069fec3ceb5bfc0
existing_artifacts/Experiment/new/exp3/solidity/SupplyChainPaper/paths/SupplyChainPaper_auto_path_005/replays/replay_20260429_154642.md,/home/shenxz-lab/code/ChainCollab/Experiment/new/exp3/solidity/SupplyChainPaper/paths/SupplyChainPaper_auto_path_005/replays/replay_20260429_154642.md,historical search,historical,e2aaae2e99da266e193a7809e9bf4693f8e9890b2c4f28b2e323993eeda4900f
existing_artifacts/Experiment/new/exp3/solidity/SupplyChainPaper/paths/SupplyChainPaper_auto_path_006/execution_sequence.json,/home/shenxz-lab/code/ChainCollab/Experiment/new/exp3/solidity/SupplyChainPaper/paths/SupplyChainPaper_auto_path_006/execution_sequence.json,historical search,historical,b78659a0aeff66a10481e551a6e4092d9906386c238b0ca7a60772797c8ba6b5
existing_artifacts/Experiment/new/exp3/solidity/SupplyChainPaper/paths/SupplyChainPaper_auto_path_006/replays/replay_20260429_155157.json,/home/shenxz-lab/code/ChainCollab/Experiment/new/exp3/solidity/SupplyChainPaper/paths/SupplyChainPaper_auto_path_006/replays/replay_20260429_155157.json,historical search,historical,4eea2b0787986e9ced543f9e3c6c52e41afffc0da8dff148ff07bdda6da9da06
existing_artifacts/Experiment/new/exp3/solidity/SupplyChainPaper/paths/SupplyChainPaper_auto_path_006/replays/replay_20260429_155157.md,/home/shenxz-lab/code/ChainCollab/Experiment/new/exp3/solidity/SupplyChainPaper/paths/SupplyChainPaper_auto_path_006/replays/replay_20260429_155157.md,historical search,historical,1eb1415e459a114047e1db8ee039185ea5b4c32c9b2b540449685cdab77467f5
existing_artifacts/Experiment/new/exp3/solidity/SupplyChainPaper/paths/SupplyChainPaper_auto_path_007/execution_sequence.json,/home/shenxz-lab/code/ChainCollab/Experiment/new/exp3/solidity/SupplyChainPaper/paths/SupplyChainPaper_auto_path_007/execution_sequence.json,historical search,historical,c63bdbadc37d0cf409346cab8f85f8c73c2c05a6f38d46a0951fc8301bb646fe
existing_artifacts/Experiment/new/exp3/solidity/SupplyChainPaper/paths/SupplyChainPaper_auto_path_007/replays/replay_20260429_155752.json,/home/shenxz-lab/code/ChainCollab/Experiment/new/exp3/solidity/SupplyChainPaper/paths/SupplyChainPaper_auto_path_007/replays/replay_20260429_155752.json,historical search,historical,ef96282f8f544da458d335451d2abb4a7edd39051c35f024a52c7e1992d77573
existing_artifacts/Experiment/new/exp3/solidity/SupplyChainPaper/paths/SupplyChainPaper_auto_path_007/replays/replay_20260429_155752.md,/home/shenxz-lab/code/ChainCollab/Experiment/new/exp3/solidity/SupplyChainPaper/paths/SupplyChainPaper_auto_path_007/replays/replay_20260429_155752.md,historical search,historical,1b4688aa18ea7776214a1ac11136da3d20494701b06df7f40e30f76bbd2ec069
existing_artifacts/Experiment/new/exp3/solidity/SupplyChainPaper/paths/SupplyChainPaper_auto_path_008/execution_sequence.json,/home/shenxz-lab/code/ChainCollab/Experiment/new/exp3/solidity/SupplyChainPaper/paths/SupplyChainPaper_auto_path_008/execution_sequence.json,historical search,historical,a45849ce5a14d733860231be39c75b01b0bd98ae295fddff82f2aec4cd92194c
existing_artifacts/Experiment/new/exp3/solidity/SupplyChainPaper/paths/SupplyChainPaper_auto_path_008/replays/replay_20260426_220428.json,/home/shenxz-lab/code/ChainCollab/Experiment/new/exp3/solidity/SupplyChainPaper/paths/SupplyChainPaper_auto_path_008/replays/replay_20260426_220428.json,historical search,historical,c00aafd93d64fd2626ed24e1a7bc937ff15b7d032dcb0bae262df8fceb3a4128
existing_artifacts/Experiment/new/exp3/solidity/SupplyChainPaper/paths/SupplyChainPaper_auto_path_008/replays/replay_20260426_220428.md,/home/shenxz-lab/code/ChainCollab/Experiment/new/exp3/solidity/SupplyChainPaper/paths/SupplyChainPaper_auto_path_008/replays/replay_20260426_220428.md,historical search,historical,c921358b342674187b39dba0020ac4e3be9c65bac119b189f377dd2a4ab67e1d
existing_artifacts/README.md,scripts/finalize_archive.py,historical search,diagnostic,234abe5b6a4a4643058093af38d257bad0861e1fd589dc4c0f63a3b1706d62c6
existing_artifacts/docs/03_system_overview/end_to_end_example/example.dmn,/home/shenxz-lab/code/ChainCollab/docs/03_system_overview/end_to_end_example/example.dmn,historical search,historical,435133086e0606cbafda1d570881d3dacb27a29dfe277b09522d73f262636e8e
existing_artifacts/docs/03_system_overview/end_to_end_example/generated_chaincode.go,/home/shenxz-lab/code/ChainCollab/docs/03_system_overview/end_to_end_example/generated_chaincode.go,historical search,historical,3d7bd982fedd6f6dc0b66e71d0c9fcbc6bc377f75677fef598c33db8cbd2ecc1
existing_artifacts/docs/03_system_overview/end_to_end_example/generated_contract.sol,/home/shenxz-lab/code/ChainCollab/docs/03_system_overview/end_to_end_example/generated_contract.sol,historical search,historical,80aae40f71d30345689f4b8d5ae40bc6c03edcb7148772e8fce1fb96ed1cb0d7
existing_artifacts/docs/04_modeling/dmn_example.dmn,/home/shenxz-lab/code/ChainCollab/docs/04_modeling/dmn_example.dmn,historical search,historical,3068d2cc936bfc77a3ed0ff896273ba1f29b5d29126d4281800a19bf90bebb80
existing_artifacts/docs/04_modeling/dmn_modeling_method.md,/home/shenxz-lab/code/ChainCollab/docs/04_modeling/dmn_modeling_method.md,historical search,historical,3cdf81fb8f5457ad0621f341f8f7ce49665a53f93adaabbf63f8fe40616e0bd0
existing_artifacts/docs/04_modeling/dmn_parser_output_example.json,/home/shenxz-lab/code/ChainCollab/docs/04_modeling/dmn_parser_output_example.json,historical search,historical,2ac51ca797dbc0b7a1d588c6efac21eb403bd1080fb7efc90146cf529992a6f3
existing_artifacts/docs/04_modeling/input_output_mapping_examples.md,/home/shenxz-lab/code/ChainCollab/docs/04_modeling/input_output_mapping_examples.md,historical search,historical,f2e9a1212218a773445c7dbdf89f3343c99856f499813316caaa72ff8500910c
existing_artifacts/docs/05_b2cdsl/before_after_example/input.dmn,/home/shenxz-lab/code/ChainCollab/docs/05_b2cdsl/before_after_example/input.dmn,historical search,historical,3068d2cc936bfc77a3ed0ff896273ba1f29b5d29126d4281800a19bf90bebb80
existing_artifacts/src/backend/opt/chaincode-go-bpmn/chaincode-go-bpmn/chaincode/smartcontract.go,/home/shenxz-lab/code/ChainCollab/src/backend/opt/chaincode-go-bpmn/chaincode-go-bpmn/chaincode/smartcontract.go,historical search,historical,2d575548bf90cb25c5c043a7726ebab7beb2e13a6a3cd9cbf9e6e13661964176
existing_artifacts/src/newTranslator/MDAcheck/bpmn-positive/b2c/SupplyChainPaper.b2c,/home/shenxz-lab/code/ChainCollab/src/newTranslator/MDAcheck/bpmn-positive/b2c/SupplyChainPaper.b2c,historical search,historical,8063343f2be51e49cfdda68ba145847275bad8a828bad4c71f73d226076bb0aa
existing_artifacts/src/newTranslator/build/b2c/SupplyChainPaper7777.b2c,/home/shenxz-lab/code/ChainCollab/src/newTranslator/build/b2c/SupplyChainPaper7777.b2c,historical search,historical,29458d1cf46b9dbc03bfc514dd0e10cacfd35319cd544ec2ee2d01e0a7aa2421
existing_artifacts/src/newTranslator/build/bpmn/supplyChainPaper.dmn,/home/shenxz-lab/code/ChainCollab/src/newTranslator/build/bpmn/supplyChainPaper.dmn,historical search,historical,435133086e0606cbafda1d570881d3dacb27a29dfe277b09522d73f262636e8e
existing_artifacts/src/newTranslator/build/solidity/SupplyChainPaper7777.generated.sol,/home/shenxz-lab/code/ChainCollab/src/newTranslator/build/solidity/SupplyChainPaper7777.generated.sol,historical search,historical,e1f6f76cd9ccfff4b157f64822eb98b22b32eae8ed40aeb1e4ca8a94082ffa1d
existing_artifacts/src/newTranslator/build/solidity/SupplyChainPaper7777.sol,/home/shenxz-lab/code/ChainCollab/src/newTranslator/build/solidity/SupplyChainPaper7777.sol,historical search,historical,832c75d2025c87f21251f306d862c3b43c60a291fdf1faee97e5e4f66f107639
fabric/compile_copy/SupplyChainPaper.go,copy of fabric/raw used only for go build,Go compile,diagnostic,27afac5fcbbfc65a0b2124ea013f8704701a5d492f26dcbc8827ada4f971c37b
fabric/compile_copy/contracts/Oracle/go.mod,copy of fabric/raw used only for go build,Go compile,diagnostic,72fc32686406a602d7afb9b9bfed6a569d6e42fdfe33e41ee2c294c6a25d95fb
fabric/compile_copy/contracts/Oracle/go.sum,copy of fabric/raw used only for go build,Go compile,diagnostic,10f3a9f60ad4752ce149916d58c48d25efb28d7c4f1d2708f4e51ac5850bc187
fabric/compile_copy/contracts/Oracle/oracle/oracle.go,copy of fabric/raw used only for go build,Go compile,diagnostic,cfce9cccff54f4474deb8b32f1fb3ed7b6696514b0fcaa88c87215b49fe89594
fabric/compile_copy/contracts/Oracle/oracle/oracle_client.go,copy of fabric/raw used only for go build,Go compile,diagnostic,c798fd46a86c586b8a8b7e641394b3175b8103da9fe6215feea6f2ccbbeb2a33
fabric/compile_copy/contracts/Oracle/oracle_stub,copy of fabric/raw used only for go build,Go compile,diagnostic,a6ecb7c08e520fdf06275d1f0b023780b16a726dd32b8f8ca7fe652e0b601cd0
fabric/compile_copy/contracts/Oracle/oracle_stub.go,copy of fabric/raw used only for go build,Go compile,diagnostic,59b3a6dc9235d1885b301e253a73b3ddfbb06c98e1bd025d33cdae0f7bdabb06
fabric/compile_copy/go.mod,copy of fabric/raw used only for go build,Go compile,diagnostic,7a7422cae7921a6b33a2db5a516d3b576e0522296e7e5d7c02d3938503a869d2
fabric/compile_copy/go.sum,copy of fabric/raw used only for go build,Go compile,diagnostic,918251b5d5996bf360f8d5974212f93f6b0ca806d6284a3b2138e508cfc7f612
fabric/raw/SupplyChainPaper.go,textx generate pim/SupplyChainPaper.b2c --target go --overwrite -o fabric/raw,B2CDSL→Fabric/Go,generated,27afac5fcbbfc65a0b2124ea013f8704701a5d492f26dcbc8827ada4f971c37b
fabric/raw/contracts/Oracle/go.mod,textx generate pim/SupplyChainPaper.b2c --target go --overwrite -o fabric/raw,B2CDSL→Fabric/Go,generated,72fc32686406a602d7afb9b9bfed6a569d6e42fdfe33e41ee2c294c6a25d95fb
fabric/raw/contracts/Oracle/go.sum,textx generate pim/SupplyChainPaper.b2c --target go --overwrite -o fabric/raw,B2CDSL→Fabric/Go,generated,10f3a9f60ad4752ce149916d58c48d25efb28d7c4f1d2708f4e51ac5850bc187
fabric/raw/contracts/Oracle/oracle/oracle.go,textx generate pim/SupplyChainPaper.b2c --target go --overwrite -o fabric/raw,B2CDSL→Fabric/Go,generated,cfce9cccff54f4474deb8b32f1fb3ed7b6696514b0fcaa88c87215b49fe89594
fabric/raw/contracts/Oracle/oracle/oracle_client.go,textx generate pim/SupplyChainPaper.b2c --target go --overwrite -o fabric/raw,B2CDSL→Fabric/Go,generated,c798fd46a86c586b8a8b7e641394b3175b8103da9fe6215feea6f2ccbbeb2a33
fabric/raw/contracts/Oracle/oracle_stub,textx generate pim/SupplyChainPaper.b2c --target go --overwrite -o fabric/raw,B2CDSL→Fabric/Go,generated,a6ecb7c08e520fdf06275d1f0b023780b16a726dd32b8f8ca7fe652e0b601cd0
fabric/raw/contracts/Oracle/oracle_stub.go,textx generate pim/SupplyChainPaper.b2c --target go --overwrite -o fabric/raw,B2CDSL→Fabric/Go,generated,59b3a6dc9235d1885b301e253a73b3ddfbb06c98e1bd025d33cdae0f7bdabb06
fabric/raw/go.mod,textx generate pim/SupplyChainPaper.b2c --target go --overwrite -o fabric/raw,B2CDSL→Fabric/Go,generated,7a7422cae7921a6b33a2db5a516d3b576e0522296e7e5d7c02d3938503a869d2
fabric/raw/go.sum,textx generate pim/SupplyChainPaper.b2c --target go --overwrite -o fabric/raw,B2CDSL→Fabric/Go,generated,918251b5d5996bf360f8d5974212f93f6b0ca806d6284a3b2138e508cfc7f612
generation_contexts/A_file_reads.json,scripts/diagnostic.py; original APIs wrapped without changing returned context,generation-context sidecar,diagnostic,b0dd819b6f4b1a3efe1c30751e93cfd5f77ca19c20152b02f7b42aa2929ca374
generation_contexts/B_file_reads.json,scripts/diagnostic.py; original APIs wrapped without changing returned context,generation-context sidecar,diagnostic,af3d95928e1f929815e6dbe45a619c44c6fb29ea1514d0bc693f701eaeaaa2ea
generation_contexts/C_file_reads.json,scripts/diagnostic.py; original APIs wrapped without changing returned context,generation-context sidecar,diagnostic,48a8e294b6aa4afae10ada886046fba924a3e5fd7396d7c2bc86eaa2d030fd54
generation_contexts/SupplyChainPaper.audit.b2c,scripts/diagnostic.py; original APIs wrapped without changing returned context,generation-context sidecar,diagnostic,640d8c7b388231a935e2ffe4dcc0923f831099fa12a6e8f7013b989c4999bc70
generation_contexts/SupplyChainPaper.sidecar.sol,scripts/diagnostic.py; original APIs wrapped without changing returned context,generation-context sidecar,diagnostic,9284a48fee87c90378a48a409d770fde8e23ed4a986713a460e3102bedc0c87b
generation_contexts/fabric.context.json,scripts/diagnostic.py; original APIs wrapped without changing returned context,generation-context sidecar,diagnostic,fe8f14e852ea0c37a40f9e2275c3d6dcf432f46097660cebe552e0655f0ac2a7
generation_contexts/fabric.context.typed.json,scripts/diagnostic.py; original APIs wrapped without changing returned context,generation-context sidecar,diagnostic,eafe36b16774bd8a034303362d41c95eaf7b7ed6107f0c9efdf0527a4ef5d25c
generation_contexts/fabric.template_calls.typed.json,scripts/diagnostic.py; original APIs wrapped without changing returned context,generation-context sidecar,diagnostic,89b800056adb748c3ed52ecf78816c2e1201d1b1c031b4e330750445b7b5c433
generation_contexts/fabric_sidecar/SupplyChainPaper.go,scripts/diagnostic.py; original APIs wrapped without changing returned context,generation-context sidecar,diagnostic,27afac5fcbbfc65a0b2124ea013f8704701a5d492f26dcbc8827ada4f971c37b
generation_contexts/fabric_sidecar/contracts/Oracle/go.mod,scripts/diagnostic.py; original APIs wrapped without changing returned context,generation-context sidecar,diagnostic,72fc32686406a602d7afb9b9bfed6a569d6e42fdfe33e41ee2c294c6a25d95fb
generation_contexts/fabric_sidecar/contracts/Oracle/go.sum,scripts/diagnostic.py; original APIs wrapped without changing returned context,generation-context sidecar,diagnostic,10f3a9f60ad4752ce149916d58c48d25efb28d7c4f1d2708f4e51ac5850bc187
generation_contexts/fabric_sidecar/contracts/Oracle/oracle/oracle.go,scripts/diagnostic.py; original APIs wrapped without changing returned context,generation-context sidecar,diagnostic,cfce9cccff54f4474deb8b32f1fb3ed7b6696514b0fcaa88c87215b49fe89594
generation_contexts/fabric_sidecar/contracts/Oracle/oracle/oracle_client.go,scripts/diagnostic.py; original APIs wrapped without changing returned context,generation-context sidecar,diagnostic,c798fd46a86c586b8a8b7e641394b3175b8103da9fe6215feea6f2ccbbeb2a33
generation_contexts/fabric_sidecar/contracts/Oracle/oracle_stub,scripts/diagnostic.py; original APIs wrapped without changing returned context,generation-context sidecar,diagnostic,a6ecb7c08e520fdf06275d1f0b023780b16a726dd32b8f8ca7fe652e0b601cd0
generation_contexts/fabric_sidecar/contracts/Oracle/oracle_stub.go,scripts/diagnostic.py; original APIs wrapped without changing returned context,generation-context sidecar,diagnostic,59b3a6dc9235d1885b301e253a73b3ddfbb06c98e1bd025d33cdae0f7bdabb06
generation_contexts/fabric_sidecar/go.mod,scripts/diagnostic.py; original APIs wrapped without changing returned context,generation-context sidecar,diagnostic,7a7422cae7921a6b33a2db5a516d3b576e0522296e7e5d7c02d3938503a869d2
generation_contexts/fabric_sidecar/go.sum,scripts/diagnostic.py; original APIs wrapped without changing returned context,generation-context sidecar,diagnostic,918251b5d5996bf360f8d5974212f93f6b0ca806d6284a3b2138e508cfc7f612
generation_contexts/geth.context.json,scripts/diagnostic.py; original APIs wrapped without changing returned context,generation-context sidecar,diagnostic,8fde333e0fb944177cda98ef2a57b3e9036ed734c3bcab4a243a7442c1eb53fa
generation_contexts/geth.context.typed.json,scripts/diagnostic.py; original APIs wrapped without changing returned context,generation-context sidecar,diagnostic,ad7d0bf326194e5b267ee399ac280d45b9c76203f726ea2edb649c3c907d3a8a
generation_contexts/geth.execution_layout.diagnostic.json,scripts/diagnostic.py; original APIs wrapped without changing returned context,generation-context sidecar,diagnostic,c85aad3538ec4a86205a82dad9efa6218ab2d483c99febe158f601e97fdb11a6
generation_contexts/geth.template_calls.typed.json,scripts/diagnostic.py; original APIs wrapped without changing returned context,generation-context sidecar,diagnostic,7d5b6643db5733cd55259463f2081fcf0c5cefc2fc42f271bf755cb8d01e7021
generation_contexts/native_sidecar_comparison.json,scripts/diagnostic.py; original APIs wrapped without changing returned context,generation-context sidecar,diagnostic,6c175c1071f4714ee59dd90f03d56cba86d97f186524a7088f99d4b3d2678631
generation_contexts/serialization_notes.json,scripts/diagnostic.py; original APIs wrapped without changing returned context,generation-context sidecar,diagnostic,51a0a8658718a380b3ff1dd907a6077a8dca23b2005eca48597d5dda1b5b1f40
generation_contexts/source_locations.json,scripts/diagnostic.py; original APIs wrapped without changing returned context,generation-context sidecar,diagnostic,a5248fdbfd9e10ac7bb2e6f31bfa2fcb019ba6ee9cc3866339331263658fa60b
generator_snapshot/src/newTranslator/CodeGenerator/b2cdsl-go/CHANGELOG.md,/home/shenxz-lab/code/ChainCollab/src/newTranslator/CodeGenerator/b2cdsl-go/CHANGELOG.md,generator snapshot,configuration,9198f792ddd7d828d0b9be2b1aa055b6ee4f691ed3d0ea089a19354fd7f8c9d7
generator_snapshot/src/newTranslator/CodeGenerator/b2cdsl-go/PULL_REQUEST_TEMPLATE.md,/home/shenxz-lab/code/ChainCollab/src/newTranslator/CodeGenerator/b2cdsl-go/PULL_REQUEST_TEMPLATE.md,generator snapshot,configuration,4b78798ca53105244ff4e4a3bdef3dd707077434ee372dd87448120c52b98541
generator_snapshot/src/newTranslator/CodeGenerator/b2cdsl-go/README.md,/home/shenxz-lab/code/ChainCollab/src/newTranslator/CodeGenerator/b2cdsl-go/README.md,generator snapshot,configuration,0afae079ff58507f4c6c82aa3ce5c1530fbddad403349bc7e748fa45cd15fcac
generator_snapshot/src/newTranslator/CodeGenerator/b2cdsl-go/b2cdsl_go/__init__.py,/home/shenxz-lab/code/ChainCollab/src/newTranslator/CodeGenerator/b2cdsl-go/b2cdsl_go/__init__.py,generator snapshot,configuration,2cfe97a56a2ff16ee22983f60b5aa17323212118b41ed98279b726c3bbe9b035
generator_snapshot/src/newTranslator/CodeGenerator/b2cdsl-go/install-dev.sh,/home/shenxz-lab/code/ChainCollab/src/newTranslator/CodeGenerator/b2cdsl-go/install-dev.sh,generator snapshot,configuration,37daec062220c69de66c502b2bf25a0d69b033aa7142dc8f1c3d345011382119
generator_snapshot/src/newTranslator/CodeGenerator/b2cdsl-go/install-test.sh,/home/shenxz-lab/code/ChainCollab/src/newTranslator/CodeGenerator/b2cdsl-go/install-test.sh,generator snapshot,configuration,d56f9c5f91c960ecea985313884bb4d2bda21c5818fff0d6c62d38c3ff25306b
generator_snapshot/src/newTranslator/CodeGenerator/b2cdsl-go/pyproject.toml,/home/shenxz-lab/code/ChainCollab/src/newTranslator/CodeGenerator/b2cdsl-go/pyproject.toml,generator snapshot,configuration,772f942c6a2ccde02e62cfb216418bc51370f951c7cfd729f3f6cf4634875117
generator_snapshot/src/newTranslator/CodeGenerator/b2cdsl-go/runtests.sh,/home/shenxz-lab/code/ChainCollab/src/newTranslator/CodeGenerator/b2cdsl-go/runtests.sh,generator snapshot,configuration,ba7a6505412c9558f6d28212d45315a3287e7c78516ce1857dbfbfb895aa94f1
generator_snapshot/src/newTranslator/CodeGenerator/b2cdsl-go/templates/actions/set_global_variable.go.jinja,/home/shenxz-lab/code/ChainCollab/src/newTranslator/CodeGenerator/b2cdsl-go/templates/actions/set_global_variable.go.jinja,generator snapshot,configuration,b7d3b368944c20fb1afccd9fd6b2cc1493976937e868790a13d642be7ea027c0
generator_snapshot/src/newTranslator/CodeGenerator/b2cdsl-go/templates/contract.go.jinja,/home/shenxz-lab/code/ChainCollab/src/newTranslator/CodeGenerator/b2cdsl-go/templates/contract.go.jinja,generator snapshot,configuration,a7f9cc65be88bc35bc49e5bae225b5e109d3b143e4adf985dfbfffd5a412cd6d
generator_snapshot/src/newTranslator/CodeGenerator/b2cdsl-go/templates/flows/event.go.jinja,/home/shenxz-lab/code/ChainCollab/src/newTranslator/CodeGenerator/b2cdsl-go/templates/flows/event.go.jinja,generator snapshot,configuration,57a5ddc4766f5afc5e94540842751651a4d3fd9de8697f4de69cc95f2e6d534a
generator_snapshot/src/newTranslator/CodeGenerator/b2cdsl-go/templates/flows/gateway.go.jinja,/home/shenxz-lab/code/ChainCollab/src/newTranslator/CodeGenerator/b2cdsl-go/templates/flows/gateway.go.jinja,generator snapshot,configuration,8a032bb307f8df6ed363f1dd83d65e60d1d660bb2f7aece12f92ad1aa77fc349
generator_snapshot/src/newTranslator/CodeGenerator/b2cdsl-go/templates/flows/message_complete.go.jinja,/home/shenxz-lab/code/ChainCollab/src/newTranslator/CodeGenerator/b2cdsl-go/templates/flows/message_complete.go.jinja,generator snapshot,configuration,f4b9d6b8d70801108b1792ca3ed44002dd106617b700bc15eeed23bf1ce3b8d4
generator_snapshot/src/newTranslator/CodeGenerator/b2cdsl-go/templates/flows/message_send.go.jinja,/home/shenxz-lab/code/ChainCollab/src/newTranslator/CodeGenerator/b2cdsl-go/templates/flows/message_send.go.jinja,generator snapshot,configuration,0168ce0bed0ccb15508be466b84f060a493376b4b752cb07fbf84d1f446ae003
generator_snapshot/src/newTranslator/CodeGenerator/b2cdsl-go/templates/flows/start_event.go.jinja,/home/shenxz-lab/code/ChainCollab/src/newTranslator/CodeGenerator/b2cdsl-go/templates/flows/start_event.go.jinja,generator snapshot,configuration,08ff684f6494c50757b7d75af444ea9d9c9e92905c5d129476963ff2c68b3ec6
generator_snapshot/src/newTranslator/CodeGenerator/b2cdsl-solidity/CHANGELOG.md,/home/shenxz-lab/code/ChainCollab/src/newTranslator/CodeGenerator/b2cdsl-solidity/CHANGELOG.md,generator snapshot,configuration,40a55b4fda79caffdfc38a0d4231c09ede059e777056740325a247c49f81f27c
generator_snapshot/src/newTranslator/CodeGenerator/b2cdsl-solidity/PULL_REQUEST_TEMPLATE.md,/home/shenxz-lab/code/ChainCollab/src/newTranslator/CodeGenerator/b2cdsl-solidity/PULL_REQUEST_TEMPLATE.md,generator snapshot,configuration,4b78798ca53105244ff4e4a3bdef3dd707077434ee372dd87448120c52b98541
generator_snapshot/src/newTranslator/CodeGenerator/b2cdsl-solidity/README.md,/home/shenxz-lab/code/ChainCollab/src/newTranslator/CodeGenerator/b2cdsl-solidity/README.md,generator snapshot,configuration,0ea268569130f27b64e0f9a0e78ce2ee1c29e15d636120fea6dfb9871b049e09
generator_snapshot/src/newTranslator/CodeGenerator/b2cdsl-solidity/b2cdsl_solidity/__init__.py,/home/shenxz-lab/code/ChainCollab/src/newTranslator/CodeGenerator/b2cdsl-solidity/b2cdsl_solidity/__init__.py,generator snapshot,configuration,072bd1266a939fbbdb72bd6b5f9b79e8078f272d24609d91cd29173016c9af93
generator_snapshot/src/newTranslator/CodeGenerator/b2cdsl-solidity/install-dev.sh,/home/shenxz-lab/code/ChainCollab/src/newTranslator/CodeGenerator/b2cdsl-solidity/install-dev.sh,generator snapshot,configuration,37daec062220c69de66c502b2bf25a0d69b033aa7142dc8f1c3d345011382119
generator_snapshot/src/newTranslator/CodeGenerator/b2cdsl-solidity/install-test.sh,/home/shenxz-lab/code/ChainCollab/src/newTranslator/CodeGenerator/b2cdsl-solidity/install-test.sh,generator snapshot,configuration,d56f9c5f91c960ecea985313884bb4d2bda21c5818fff0d6c62d38c3ff25306b
generator_snapshot/src/newTranslator/CodeGenerator/b2cdsl-solidity/pyproject.toml,/home/shenxz-lab/code/ChainCollab/src/newTranslator/CodeGenerator/b2cdsl-solidity/pyproject.toml,generator snapshot,configuration,7a4a299318b7cb82d7aa1de2726f99f267ab6686fd3548ff7b63cd6dec7e5371
generator_snapshot/src/newTranslator/CodeGenerator/b2cdsl-solidity/runtests.sh,/home/shenxz-lab/code/ChainCollab/src/newTranslator/CodeGenerator/b2cdsl-solidity/runtests.sh,generator snapshot,configuration,67a5a57aa69b2b0c9883265eed1bfe0ee5b0eb608f45b99f368cf54ca83b3aa5
generator_snapshot/src/newTranslator/CodeGenerator/b2cdsl-solidity/templates/contract.sol.jinja,/home/shenxz-lab/code/ChainCollab/src/newTranslator/CodeGenerator/b2cdsl-solidity/templates/contract.sol.jinja,generator snapshot,configuration,f5434a238c46925ed6b0a15da86160c5cc5056474f5c18b421dd94d9ff801780
generator_snapshot/src/newTranslator/DSL/B2CDSL/CHANGELOG.md,/home/shenxz-lab/code/ChainCollab/src/newTranslator/DSL/B2CDSL/CHANGELOG.md,generator snapshot,configuration,b0412d206a75c59bfaa3a3d1e18d4b4becb062e2509bb45b99f81ca2ee56841a
generator_snapshot/src/newTranslator/DSL/B2CDSL/PULL_REQUEST_TEMPLATE.md,/home/shenxz-lab/code/ChainCollab/src/newTranslator/DSL/B2CDSL/PULL_REQUEST_TEMPLATE.md,generator snapshot,configuration,4b78798ca53105244ff4e4a3bdef3dd707077434ee372dd87448120c52b98541
generator_snapshot/src/newTranslator/DSL/B2CDSL/README.md,/home/shenxz-lab/code/ChainCollab/src/newTranslator/DSL/B2CDSL/README.md,generator snapshot,configuration,40d8d32e026b66ce9bdbf910546aa2c0b776377a9eeea3069d7bdff02dd22c97
generator_snapshot/src/newTranslator/DSL/B2CDSL/b2cdsl/__init__.py,/home/shenxz-lab/code/ChainCollab/src/newTranslator/DSL/B2CDSL/b2cdsl/__init__.py,generator snapshot,configuration,92c67ead1e6757b60edcbf4209c5bda535d255306725ddfee52bcde8ae62d586
generator_snapshot/src/newTranslator/DSL/B2CDSL/b2cdsl/b2c.tx,/home/shenxz-lab/code/ChainCollab/src/newTranslator/DSL/B2CDSL/b2cdsl/b2c.tx,generator snapshot,configuration,0d077bed5594acf23a1cefcc8acf6ddb865e5575d8acadf071c8a93f705c8977
generator_snapshot/src/newTranslator/DSL/B2CDSL/install-dev.sh,/home/shenxz-lab/code/ChainCollab/src/newTranslator/DSL/B2CDSL/install-dev.sh,generator snapshot,configuration,37daec062220c69de66c502b2bf25a0d69b033aa7142dc8f1c3d345011382119
generator_snapshot/src/newTranslator/DSL/B2CDSL/install-test.sh,/home/shenxz-lab/code/ChainCollab/src/newTranslator/DSL/B2CDSL/install-test.sh,generator snapshot,configuration,d56f9c5f91c960ecea985313884bb4d2bda21c5818fff0d6c62d38c3ff25306b
generator_snapshot/src/newTranslator/DSL/B2CDSL/main.py,/home/shenxz-lab/code/ChainCollab/src/newTranslator/DSL/B2CDSL/main.py,generator snapshot,configuration,f9c884a3cf705f2b760877d640ccd117fc2a5ce1dafb02c87ee84a1e9b508cec
generator_snapshot/src/newTranslator/DSL/B2CDSL/pyproject.toml,/home/shenxz-lab/code/ChainCollab/src/newTranslator/DSL/B2CDSL/pyproject.toml,generator snapshot,configuration,9fb8cb7507011f5637621400e2ddb5d1dc26374fee1c664ac26d0a5f5616cdb7
generator_snapshot/src/newTranslator/DSL/B2CDSL/runtests.sh,/home/shenxz-lab/code/ChainCollab/src/newTranslator/DSL/B2CDSL/runtests.sh,generator snapshot,configuration,3e35031ffd0dce3095388b28f2b13f8a44bf61f0d9cec87936fc225b58dc7000
generator_snapshot/src/newTranslator/README.md,/home/shenxz-lab/code/ChainCollab/src/newTranslator/README.md,generator snapshot,configuration,5923a9ff4d7f19119e3c1f9dc36974d14acde606b785ff4484ce44093a409719
generator_snapshot/src/newTranslator/generator/__init__.py,/home/shenxz-lab/code/ChainCollab/src/newTranslator/generator/__init__.py,generator snapshot,configuration,e3b0c44298fc1c149afbf4c8996fb92427ae41e4649b934ca495991b7852b855
generator_snapshot/src/newTranslator/generator/b2c_to_solidity.py,/home/shenxz-lab/code/ChainCollab/src/newTranslator/generator/b2c_to_solidity.py,generator snapshot,configuration,4093a4bcf55858e750f34a5bb83872785756696946612aaf966c33581150634b
generator_snapshot/src/newTranslator/generator/bindings.json,/home/shenxz-lab/code/ChainCollab/src/newTranslator/generator/bindings.json,generator snapshot,configuration,dc63dd7abb095e470997c2d30c710d204220d6ae7d84128b86f204d192c1cf4a
generator_snapshot/src/newTranslator/generator/bpmn_to_dsl.py,/home/shenxz-lab/code/ChainCollab/src/newTranslator/generator/bpmn_to_dsl.py,generator snapshot,configuration,099374d0ab29440822de1ffd44b2e32ca7d84778f978ccf8bb79121ea33868c0
generator_snapshot/src/newTranslator/generator/config.py,/home/shenxz-lab/code/ChainCollab/src/newTranslator/generator/config.py,generator snapshot,configuration,449d55c50f646ff53e2a432ebc1f2ca7332bcc2cc195a60bb14d91fce3c493ba
generator_snapshot/src/newTranslator/generator/parser/__init__.py,/home/shenxz-lab/code/ChainCollab/src/newTranslator/generator/parser/__init__.py,generator snapshot,configuration,e3b0c44298fc1c149afbf4c8996fb92427ae41e4649b934ca495991b7852b855
generator_snapshot/src/newTranslator/generator/parser/choreography_parser/__init__.py,/home/shenxz-lab/code/ChainCollab/src/newTranslator/generator/parser/choreography_parser/__init__.py,generator snapshot,configuration,e3b0c44298fc1c149afbf4c8996fb92427ae41e4649b934ca495991b7852b855
generator_snapshot/src/newTranslator/generator/parser/choreography_parser/elements.py,/home/shenxz-lab/code/ChainCollab/src/newTranslator/generator/parser/choreography_parser/elements.py,generator snapshot,configuration,b3874717a42caecff7819c6cafbd31ee848cdfd763b353ceda79ee4ff4b93a49
generator_snapshot/src/newTranslator/generator/parser/choreography_parser/parser.py,/home/shenxz-lab/code/ChainCollab/src/newTranslator/generator/parser/choreography_parser/parser.py,generator snapshot,configuration,74ffee0acf07ce49334faca001ff58501494dde8bc4a30e5017eaebf89f3f9b1
generator_snapshot/src/newTranslator/generator/parser/choreography_parser/protocals.py,/home/shenxz-lab/code/ChainCollab/src/newTranslator/generator/parser/choreography_parser/protocals.py,generator snapshot,configuration,7d491468b96c797110b1af878b2b265292e83e9f172f5865320db80d875a52aa
generator_snapshot/src/newTranslator/generator/parser/dmn_parser/parser.py,/home/shenxz-lab/code/ChainCollab/src/newTranslator/generator/parser/dmn_parser/parser.py,generator snapshot,configuration,92e1491c07dec32451b826d08e653610e04b1518f223052f9a9f9196c4cf5425
generator_snapshot/src/newTranslator/generator/resource/contracts/oracle-go/go.mod,/home/shenxz-lab/code/ChainCollab/src/newTranslator/generator/resource/contracts/oracle-go/go.mod,generator snapshot,configuration,72fc32686406a602d7afb9b9bfed6a569d6e42fdfe33e41ee2c294c6a25d95fb
generator_snapshot/src/newTranslator/generator/resource/contracts/oracle-go/go.sum,/home/shenxz-lab/code/ChainCollab/src/newTranslator/generator/resource/contracts/oracle-go/go.sum,generator snapshot,configuration,10f3a9f60ad4752ce149916d58c48d25efb28d7c4f1d2708f4e51ac5850bc187
generator_snapshot/src/newTranslator/generator/resource/contracts/oracle-go/oracle/oracle.go,/home/shenxz-lab/code/ChainCollab/src/newTranslator/generator/resource/contracts/oracle-go/oracle/oracle.go,generator snapshot,configuration,cfce9cccff54f4474deb8b32f1fb3ed7b6696514b0fcaa88c87215b49fe89594
generator_snapshot/src/newTranslator/generator/resource/contracts/oracle-go/oracle/oracle_client.go,/home/shenxz-lab/code/ChainCollab/src/newTranslator/generator/resource/contracts/oracle-go/oracle/oracle_client.go,generator snapshot,configuration,c798fd46a86c586b8a8b7e641394b3175b8103da9fe6215feea6f2ccbbeb2a33
generator_snapshot/src/newTranslator/generator/resource/contracts/oracle-go/oracle_stub.go,/home/shenxz-lab/code/ChainCollab/src/newTranslator/generator/resource/contracts/oracle-go/oracle_stub.go,generator snapshot,configuration,59b3a6dc9235d1885b301e253a73b3ddfbb06c98e1bd025d33cdae0f7bdabb06
generator_snapshot/src/newTranslator/generator/resource/go.mod,/home/shenxz-lab/code/ChainCollab/src/newTranslator/generator/resource/go.mod,generator snapshot,configuration,7a7422cae7921a6b33a2db5a516d3b576e0522296e7e5d7c02d3938503a869d2
generator_snapshot/src/newTranslator/generator/resource/go.sum,/home/shenxz-lab/code/ChainCollab/src/newTranslator/generator/resource/go.sum,generator snapshot,configuration,918251b5d5996bf360f8d5974212f93f6b0ca806d6284a3b2138e508cfc7f612
generator_snapshot/src/newTranslator/generator/snippet/chaincode_snippet/ffiframe.json,/home/shenxz-lab/code/ChainCollab/src/newTranslator/generator/snippet/chaincode_snippet/ffiframe.json,generator snapshot,configuration,779e564e8b4c0b3bb457237d98ac100877ca17b9843285248230b9f48c310fde
generator_snapshot/src/newTranslator/generator/snippet/chaincode_snippet/go.mod,/home/shenxz-lab/code/ChainCollab/src/newTranslator/generator/snippet/chaincode_snippet/go.mod,generator snapshot,configuration,84d992adb011f65a636b253f33bff8c6da6bc69ada2494268063870cfb99e2ad
generator_snapshot/src/newTranslator/generator/snippet/chaincode_snippet/plain_text_to_json_string.py,/home/shenxz-lab/code/ChainCollab/src/newTranslator/generator/snippet/chaincode_snippet/plain_text_to_json_string.py,generator snapshot,configuration,a6d49f3106976ae2598466687f70f28548a2cc51170677b2bca85d40cdf871d5
generator_snapshot/src/newTranslator/generator/snippet/chaincode_snippet/snippet.json,/home/shenxz-lab/code/ChainCollab/src/newTranslator/generator/snippet/chaincode_snippet/snippet.json,generator snapshot,configuration,f6f4962b4eaeb800710a3c0668b4c68ad91c57228b1233f36251ad129fa31934
generator_snapshot/src/newTranslator/generator/snippet/chaincode_snippet/snippet.py,/home/shenxz-lab/code/ChainCollab/src/newTranslator/generator/snippet/chaincode_snippet/snippet.py,generator snapshot,configuration,5731fec99e46ad4b329371f35527267c6e74cebd6bd6f1b3bd9c290ec0ad69a3
generator_snapshot/src/newTranslator/generator/snippet/chaincode_snippet/test.go,/home/shenxz-lab/code/ChainCollab/src/newTranslator/generator/snippet/chaincode_snippet/test.go,generator snapshot,configuration,5f4bec78aeeb2dfadc456c57507c4109546075005bb5002412c9f658534be921
generator_snapshot/src/newTranslator/generator/snippet/newSnippet/snippet.py,/home/shenxz-lab/code/ChainCollab/src/newTranslator/generator/snippet/newSnippet/snippet.py,generator snapshot,configuration,68a505639f6169a992f86607e8b12c3ff81bbe5c5963b061270f8f3147b092b0
generator_snapshot/src/newTranslator/generator/snippet/newSnippet/snippets.json,/home/shenxz-lab/code/ChainCollab/src/newTranslator/generator/snippet/newSnippet/snippets.json,generator snapshot,configuration,43cc850a5ca7605d4973a755751e09ec81697ff1d8e879edd8cc66608f744a49
generator_snapshot/src/newTranslator/generator/split_mode.py,/home/shenxz-lab/code/ChainCollab/src/newTranslator/generator/split_mode.py,generator snapshot,configuration,f21cd08f1ec02e904122f286e794cfdd1bdfc6d97b7d98d8a12d907c771322cc
generator_snapshot/src/newTranslator/generator/translator.py,/home/shenxz-lab/code/ChainCollab/src/newTranslator/generator/translator.py,generator snapshot,configuration,336ff9b0123d2418907cd672bb229a5d872d45a61944c43ae7be8dd569f7f5e2
generator_snapshot/src/newTranslator/newTranslator_devtools.sh,/home/shenxz-lab/code/ChainCollab/src/newTranslator/newTranslator_devtools.sh,generator snapshot,configuration,1dcdd2b51f9bcf6271029fa238960cba83ebab0f7b725df2ed35dbde85dd5d59
generator_snapshot/src/newTranslator/nt.sh,/home/shenxz-lab/code/ChainCollab/src/newTranslator/nt.sh,generator snapshot,configuration,a1d3bf1af93c5fc9bad5d7bdc1fdd5b14e54443da9c1bd40eda2171a4357f632
generator_snapshot/src/newTranslator/requirements.txt,/home/shenxz-lab/code/ChainCollab/src/newTranslator/requirements.txt,generator snapshot,configuration,e3e155879034593cdcf77da4d945b66e3abfe347695aa4d52837b77a91b39aac
geth/compiled/raw_SupplyChainPaper_sol_GeneratedContract.abi,solc-js 0.8.33 --bin --abi --optimize,Solidity compile,generated,2e3959c9bf3baebfaa99897426a5cf57a44ff1127a3a0b80f49baf414556eee0
geth/compiled/raw_SupplyChainPaper_sol_GeneratedContract.bin,solc-js 0.8.33 --bin --abi --optimize,Solidity compile,generated,ede1814dd629b39be35c5b7213a25bd6e41e40c72cf6003c80fcccee9a0d679b
geth/compiled/raw_SupplyChainPaper_sol_IDmnLite.abi,solc-js 0.8.33 --bin --abi --optimize,Solidity compile,generated,f91b2606b1330e2f939f12e05d7cae08385fc5940097fba3c89c1e4f0e72cc80
geth/compiled/raw_SupplyChainPaper_sol_IDmnLite.bin,solc-js 0.8.33 --bin --abi --optimize,Solidity compile,generated,e3b0c44298fc1c149afbf4c8996fb92427ae41e4649b934ca495991b7852b855
geth/compiled/raw_SupplyChainPaper_sol_IIdentityRegistry.abi,solc-js 0.8.33 --bin --abi --optimize,Solidity compile,generated,664fee9021e2073cfbaeb335f3a7c52ec365a754fce6fc4b554958bafd088d28
geth/compiled/raw_SupplyChainPaper_sol_IIdentityRegistry.bin,solc-js 0.8.33 --bin --abi --optimize,Solidity compile,generated,e3b0c44298fc1c149afbf4c8996fb92427ae41e4649b934ca495991b7852b855
geth/compiled/raw_SupplyChainPaper_sol_IOracle.abi,solc-js 0.8.33 --bin --abi --optimize,Solidity compile,generated,d900a274a88affaaa7e715af8d0e528535174f630cd021b4a40ce92828d2236f
geth/compiled/raw_SupplyChainPaper_sol_IOracle.bin,solc-js 0.8.33 --bin --abi --optimize,Solidity compile,generated,e3b0c44298fc1c149afbf4c8996fb92427ae41e4649b934ca495991b7852b855
geth/raw/SupplyChainPaper.sol,python generator/b2c_to_solidity.py pim/SupplyChainPaper.b2c -o geth/raw/SupplyChainPaper.sol,B2CDSL→Geth/Solidity,generated,9284a48fee87c90378a48a409d770fde8e23ed4a986713a460e3102bedc0c87b
logs/A_bpmn_to_dsl.json,stage command; see same-basename JSON for cwd/argv/exit code,run log,log,e0a8392bf683617d67c214dc8676d4e595f8739e878fbd68f9aa1e17639a4abb
logs/A_bpmn_to_dsl.stderr,stage command; see same-basename JSON for cwd/argv/exit code,run log,log,e3b0c44298fc1c149afbf4c8996fb92427ae41e4649b934ca495991b7852b855
logs/A_bpmn_to_dsl.stdout,stage command; see same-basename JSON for cwd/argv/exit code,run log,log,c518697517611d9b59652935e5864ddac7dbed3ce46513ee90b52d23de2290b4
logs/A_parse.json,stage command; see same-basename JSON for cwd/argv/exit code,run log,log,a5ac8fccf92408b36a272e3a01d2031b84ffb62d3bbdf0d971b6ef20fe871cbd
logs/A_parse.stderr,stage command; see same-basename JSON for cwd/argv/exit code,run log,log,4006f215cfe31f0552b0c901be9151721b42a874b4e2a180074121c73855b1bc
logs/A_parse.stdout,stage command; see same-basename JSON for cwd/argv/exit code,run log,log,e3b0c44298fc1c149afbf4c8996fb92427ae41e4649b934ca495991b7852b855
logs/B_go_compile.json,stage command; see same-basename JSON for cwd/argv/exit code,run log,log,b5ef09e099af2f5466d799feb96bac36f7b21ebc63f85f9295dd71b5465d47fc
logs/B_go_compile.stderr,stage command; see same-basename JSON for cwd/argv/exit code,run log,log,2b1b3915184b7777e066b854ca68022072c7af24e87d85b97a96ee47e41db95d
logs/B_go_compile.stdout,stage command; see same-basename JSON for cwd/argv/exit code,run log,log,e3b0c44298fc1c149afbf4c8996fb92427ae41e4649b934ca495991b7852b855
logs/B_go_compile_auto.json,stage command; see same-basename JSON for cwd/argv/exit code,run log,log,ac1b8faf8e969148a59a49ddf33bfad77c82f961e5320fdeac9764dc661ae123
logs/B_go_compile_auto.stderr,stage command; see same-basename JSON for cwd/argv/exit code,run log,log,d8ce0a15dd6fcce798dd929ab60b68d33fe2ce5e37e420e59020dc78708d03ca
logs/B_go_compile_auto.stdout,stage command; see same-basename JSON for cwd/argv/exit code,run log,log,e3b0c44298fc1c149afbf4c8996fb92427ae41e4649b934ca495991b7852b855
logs/B_go_generate.json,stage command; see same-basename JSON for cwd/argv/exit code,run log,log,0c857244ff6398c8ccee0965e6d465d04916b0476ad09f442f495f40ffc14112
logs/B_go_generate.stderr,stage command; see same-basename JSON for cwd/argv/exit code,run log,log,dc19a8016ad58c01250a5046a8f50b2cd432e81fa9c4cead291a01e8f1c41216
logs/B_go_generate.stdout,stage command; see same-basename JSON for cwd/argv/exit code,run log,log,e3b0c44298fc1c149afbf4c8996fb92427ae41e4649b934ca495991b7852b855
logs/C_solidity_compile.json,stage command; see same-basename JSON for cwd/argv/exit code,run log,log,b612f565eb00681ede5b99e6c5734ef31d60c3714cd087be965b59b322c265f6
logs/C_solidity_compile.stderr,stage command; see same-basename JSON for cwd/argv/exit code,run log,log,e3b0c44298fc1c149afbf4c8996fb92427ae41e4649b934ca495991b7852b855
logs/C_solidity_compile.stdout,stage command; see same-basename JSON for cwd/argv/exit code,run log,log,d512693ebbaa6fb2bf368fcc24141b56f36b40d2db919833beccb8bcb1d4f87a
logs/C_solidity_generate.json,stage command; see same-basename JSON for cwd/argv/exit code,run log,log,fe2418dedf4ae0c0a13f8aa9e237abbdca5433e639008361d44fdc8842021b95
logs/C_solidity_generate.stderr,stage command; see same-basename JSON for cwd/argv/exit code,run log,log,e3b0c44298fc1c149afbf4c8996fb92427ae41e4649b934ca495991b7852b855
logs/C_solidity_generate.stdout,stage command; see same-basename JSON for cwd/argv/exit code,run log,log,b6962d107b8706d43bf85d97be656f6888c8d465444ed5875c07d381468aa51c
logs/D_diagnostic.json,stage command; see same-basename JSON for cwd/argv/exit code,run log,log,c7bcd7629e166620408a7f38aa864ceecaf39917f1e89cd3cb9bba0794dab594
logs/D_diagnostic.stderr,stage command; see same-basename JSON for cwd/argv/exit code,run log,log,e3b0c44298fc1c149afbf4c8996fb92427ae41e4649b934ca495991b7852b855
logs/D_diagnostic.stdout,stage command; see same-basename JSON for cwd/argv/exit code,run log,log,1783c29e2c67c68fc05b75eb20b19a00460265d08df1160dcd0c17750edc813e
logs/git_after.json,stage command; see same-basename JSON for cwd/argv/exit code,run log,log,040deb3f09be59d596d7dca63bd2b98cbe4c8f26877f8624320286dc6a86412a
logs/git_after.stderr,stage command; see same-basename JSON for cwd/argv/exit code,run log,log,e3b0c44298fc1c149afbf4c8996fb92427ae41e4649b934ca495991b7852b855
logs/git_after.stdout,stage command; see same-basename JSON for cwd/argv/exit code,run log,log,74f49bdf3b021ab55f285b643685994fd9f1432995eaab9487eec840ff1ae5a0
logs/git_before.json,stage command; see same-basename JSON for cwd/argv/exit code,run log,log,9ddb1a39fd974df527cf09a7c7ced62a8372b2b9a5c8220ea8a719f4cfac7c0b
logs/git_before.stderr,stage command; see same-basename JSON for cwd/argv/exit code,run log,log,e3b0c44298fc1c149afbf4c8996fb92427ae41e4649b934ca495991b7852b855
logs/git_before.stdout,stage command; see same-basename JSON for cwd/argv/exit code,run log,log,6ee115cd9ba6db4cd40f856e8a1d4c6cc2c1ff0f8d2bf7b2ebe2c176243adf67
logs/git_branch.json,stage command; see same-basename JSON for cwd/argv/exit code,run log,log,960cb7a90a371a74237eb8f751be83d98e1bc25da8be256a335ad1c55f978825
logs/git_branch.stderr,stage command; see same-basename JSON for cwd/argv/exit code,run log,log,e3b0c44298fc1c149afbf4c8996fb92427ae41e4649b934ca495991b7852b855
logs/git_branch.stdout,stage command; see same-basename JSON for cwd/argv/exit code,run log,log,b4229f1fb12c4b65e6118caef562c98555f934a94fd868c1124b84c69b590adb
logs/git_cached_diff_stat.json,stage command; see same-basename JSON for cwd/argv/exit code,run log,log,e8da775bbcf941a5e152f6bb54d00c3f1bd986db81d2160e07db9a4c1ec6b96d
logs/git_cached_diff_stat.stderr,stage command; see same-basename JSON for cwd/argv/exit code,run log,log,e3b0c44298fc1c149afbf4c8996fb92427ae41e4649b934ca495991b7852b855
logs/git_cached_diff_stat.stdout,stage command; see same-basename JSON for cwd/argv/exit code,run log,log,e3b0c44298fc1c149afbf4c8996fb92427ae41e4649b934ca495991b7852b855
logs/git_commit.json,stage command; see same-basename JSON for cwd/argv/exit code,run log,log,9e95b81089ee26f8ec290a52ab9f0752235c92e92307e5aef913937164eb3048
logs/git_commit.stderr,stage command; see same-basename JSON for cwd/argv/exit code,run log,log,e3b0c44298fc1c149afbf4c8996fb92427ae41e4649b934ca495991b7852b855
logs/git_commit.stdout,stage command; see same-basename JSON for cwd/argv/exit code,run log,log,dda7bae37e829e428253d0492763f214fe1483cb239342332527ed384acb4202
logs/git_diff_stat.json,stage command; see same-basename JSON for cwd/argv/exit code,run log,log,19dcc1513a73753ce31762cd2c8dc141518b6e04337da476b89ebf07bd143915
logs/git_diff_stat.stderr,stage command; see same-basename JSON for cwd/argv/exit code,run log,log,e3b0c44298fc1c149afbf4c8996fb92427ae41e4649b934ca495991b7852b855
logs/git_diff_stat.stdout,stage command; see same-basename JSON for cwd/argv/exit code,run log,log,e3b0c44298fc1c149afbf4c8996fb92427ae41e4649b934ca495991b7852b855
logs/git_preexisting_filtered.json,stage command; see same-basename JSON for cwd/argv/exit code,run log,log,1a55b7faed8b321014e9ac98c9bc83f9fb3e8c8d7e7417da35198c409a54d548
logs/git_preexisting_filtered.stderr,stage command; see same-basename JSON for cwd/argv/exit code,run log,log,e3b0c44298fc1c149afbf4c8996fb92427ae41e4649b934ca495991b7852b855
logs/git_preexisting_filtered.stdout,stage command; see same-basename JSON for cwd/argv/exit code,run log,log,3e5d682c38010b1defc1a69c09b55225da0769591f34c8e00ed3e8345ef39b3c
logs/go_version.json,stage command; see same-basename JSON for cwd/argv/exit code,run log,log,e10c8cb0b0b6834dcdd8ac572be79783a2d747a9b3815a177557080444be51ce
logs/go_version.stderr,stage command; see same-basename JSON for cwd/argv/exit code,run log,log,e3b0c44298fc1c149afbf4c8996fb92427ae41e4649b934ca495991b7852b855
logs/go_version.stdout,stage command; see same-basename JSON for cwd/argv/exit code,run log,log,77718dcfd4a39ce85591e9e84680cec9fc85bb50b941cf856632977e4ecfa5cc
logs/pip_freeze.json,stage command; see same-basename JSON for cwd/argv/exit code,run log,log,8e4488d7a3292addc70e35cda3790e97990ebecf4d7df6a4bac49243a1aa1f34
logs/pip_freeze.stderr,stage command; see same-basename JSON for cwd/argv/exit code,run log,log,e3b0c44298fc1c149afbf4c8996fb92427ae41e4649b934ca495991b7852b855
logs/pip_freeze.stdout,stage command; see same-basename JSON for cwd/argv/exit code,run log,log,55911d81f9249fbf30dd5f5d17d0b2cf526753b1d8155d1c8c4be1fe958db800
logs/python_version.json,stage command; see same-basename JSON for cwd/argv/exit code,run log,log,a416ad9fb57b456f17cf08b525c113ea9c12688df23161fca5f31bb07aad1376
logs/python_version.stderr,stage command; see same-basename JSON for cwd/argv/exit code,run log,log,e3b0c44298fc1c149afbf4c8996fb92427ae41e4649b934ca495991b7852b855
logs/python_version.stdout,stage command; see same-basename JSON for cwd/argv/exit code,run log,log,f6b75e07f1488db28a89724a522725e3e01af3dc78f6fd365f17eb4059e41056
logs/solcjs_version.json,stage command; see same-basename JSON for cwd/argv/exit code,run log,log,ca7edab1ae521b135e0245a94b5b93316cb196bd8d85f74c1b8a076e8270c84c
logs/solcjs_version.stderr,stage command; see same-basename JSON for cwd/argv/exit code,run log,log,e3b0c44298fc1c149afbf4c8996fb92427ae41e4649b934ca495991b7852b855
logs/solcjs_version.stdout,stage command; see same-basename JSON for cwd/argv/exit code,run log,log,4b87ceb09b901e4f7d4d9453d8b25d63f503cc0b430f8eb8c830b805046790f7
logs/tool_discovery.json,stage command; see same-basename JSON for cwd/argv/exit code,run log,log,b10ec9ecfdb165461ce6ba24fdbba3f202f0ce20286cd26ec7e52dc3b01220bd
logs/tool_discovery.stderr,stage command; see same-basename JSON for cwd/argv/exit code,run log,log,e3b0c44298fc1c149afbf4c8996fb92427ae41e4649b934ca495991b7852b855
logs/tool_discovery.stdout,stage command; see same-basename JSON for cwd/argv/exit code,run log,log,1dc4c84d68172e1ec928a96359eadf9769ed3ade15763e9c837435c7a105eed9
pim/SupplyChainPaper.b2c,python generator/bpmn_to_dsl.py SupplyChainPaper.bpmn -o pim/SupplyChainPaper.b2c,BPMN→B2CDSL,generated,640d8c7b388231a935e2ffe4dcc0923f831099fa12a6e8f7013b989c4999bc70
reproduce.sh,created for this archive,reproduction support,configuration,0affe28a99a36b94944376097386d383029329d0af2aba1922436cba19a93ae6
scripts/archive_path.txt,created for this archive,reproduction support,configuration,f6ae3d4c089df69c2e3e09a27f37e4db331b8a25795f273b477fe73f5f20875d
scripts/diagnostic.py,created for this archive,reproduction support,configuration,47cf9d15b1a72a29b5ea80ef3a79812286c01b9a168962cb8e0be1647614b156
scripts/finalize_archive.py,created for this archive,reproduction support,configuration,7d731f3cd6e1ec8ec68075723fa8439c5d3eef40144f49ecd3ba617f6f87f38b
scripts/run_archive.py,created for this archive,reproduction support,configuration,a06b73ab18a3744e2eb36459f862eb470ac70e539ad3fa11df179026f7faf0ce
scripts/run_checks.py,created for this archive,reproduction support,configuration,7f5bb6d267db362d4a9ec6afbc5133d906cafac6f717e15b2b99340e0a7e2bf0
source_models/SupplyChainPaper.bpmn,/home/shenxz-lab/code/ChainCollab/Experiment/BPMNwithDMNcase/SupplyChainPaper.bpmn,inputs,source,2c53a465da2fbfd544722fdab15467b9e7e5b938f66f092cafba6a9ca2a8116a
source_models/supplyChainPaper.dmn,/home/shenxz-lab/code/ChainCollab/Experiment/BPMNwithDMNcase/supplyChainPaper.dmn,inputs,source,3068d2cc936bfc77a3ed0ff896273ba1f29b5d29126d4281800a19bf90bebb80
