{
  "generatedAt": "2026-03-22T19:39:22.161Z",
  "config": {
    "datasetConfigPath": "/home/logres/system/Experiment/Current/Relayer/experiment/dataset/relayer_experiment_dataset.json",
    "caseCount": 10,
    "comparedCaseCount": 10,
    "excludedCases": [],
    "latencyBaselineMs": 0,
    "sourceChainName": "chainA",
    "sourceChainId": 31337,
    "targetChainName": "chainB",
    "targetChainId": 31338
  },
  "overall": {
    "tasks": 10,
    "full": {
      "successRate": 1,
      "chainAvgSec": 1.8,
      "chainP95Sec": 6,
      "wallAvgMs": 4889.531243799998,
      "wallP95Ms": 9146.023729000008,
      "gasTotalAvg": 956432.4
    },
    "split": {
      "successRate": 1,
      "chainAvgSec": 43.8,
      "chainP95Sec": 66,
      "wallAvgMs": 46532.7726083,
      "wallP95Ms": 69269.584236,
      "gasTotalAvg": 1729671.7
    },
    "comparison": {
      "chainDeltaSec": 42,
      "chainP95DeltaSec": 60,
      "chainOverheadRatio": 23.333333333333332,
      "wallDeltaMs": 41643.241364500005,
      "wallOverheadRatio": 8.516816702481304,
      "gasDelta": 773239.2999999999,
      "gasOverheadRatio": 0.808462051264679
    }
  },
  "perCase": [
    {
      "caseId": "Hotel_Booking",
      "tasks": 1,
      "comparable": true,
      "full": {
        "successRate": 1,
        "chainAvgSec": 3,
        "chainP95Sec": 3,
        "wallAvgMs": 6023.081899999999,
        "wallRawAvgMs": 6023.081899999999,
        "wallP95Ms": 6023.081899999999,
        "gasTotalAvg": 983719
      },
      "split": {
        "successRate": 1,
        "chainAvgSec": 48,
        "chainP95Sec": 48,
        "wallAvgMs": 48362.854622,
        "wallRawAvgMs": 48362.854622,
        "wallP95Ms": 48362.854622,
        "gasTotalAvg": 1827767
      },
      "comparison": {
        "chainDeltaSec": 45,
        "chainP95DeltaSec": 45,
        "chainOverheadRatio": 15,
        "wallDeltaMs": 42339.772722,
        "wallOverheadRatio": 7.029586086485061,
        "gasDelta": 844048,
        "gasOverheadRatio": 0.858017380979731
      }
    },
    {
      "caseId": "customer_new",
      "tasks": 1,
      "comparable": true,
      "full": {
        "successRate": 1,
        "chainAvgSec": 3,
        "chainP95Sec": 3,
        "wallAvgMs": 6060.458195000003,
        "wallRawAvgMs": 6060.458195000003,
        "wallP95Ms": 6060.458195000003,
        "gasTotalAvg": 1422273
      },
      "split": {
        "successRate": 1,
        "chainAvgSec": 66,
        "chainP95Sec": 66,
        "wallAvgMs": 69269.584236,
        "wallRawAvgMs": 69269.584236,
        "wallP95Ms": 69269.584236,
        "gasTotalAvg": 2253838
      },
      "comparison": {
        "chainDeltaSec": 63,
        "chainP95DeltaSec": 63,
        "chainOverheadRatio": 21,
        "wallDeltaMs": 63209.126040999996,
        "wallOverheadRatio": 10.429760260230616,
        "gasDelta": 831565,
        "gasOverheadRatio": 0.5846732659623012
      }
    },
    {
      "caseId": "SupplyChain",
      "tasks": 1,
      "comparable": true,
      "full": {
        "successRate": 1,
        "chainAvgSec": 0,
        "chainP95Sec": 0,
        "wallAvgMs": 2848.0209099999993,
        "wallRawAvgMs": 2848.0209099999993,
        "wallP95Ms": 2848.0209099999993,
        "gasTotalAvg": 1157609
      },
      "split": {
        "successRate": 1,
        "chainAvgSec": 48,
        "chainP95Sec": 48,
        "wallAvgMs": 50851.80833699998,
        "wallRawAvgMs": 50851.80833699998,
        "wallP95Ms": 50851.80833699998,
        "gasTotalAvg": 1834041
      },
      "comparison": {
        "chainDeltaSec": 48,
        "chainP95DeltaSec": 48,
        "chainOverheadRatio": null,
        "wallDeltaMs": 48003.78742699998,
        "wallOverheadRatio": 16.855138688922054,
        "gasDelta": 676432,
        "gasOverheadRatio": 0.5843354707850406
      }
    },
    {
      "caseId": "Blood_analysis",
      "tasks": 1,
      "comparable": true,
      "full": {
        "successRate": 1,
        "chainAvgSec": 3,
        "chainP95Sec": 3,
        "wallAvgMs": 6326.250358000005,
        "wallRawAvgMs": 6326.250358000005,
        "wallP95Ms": 6326.250358000005,
        "gasTotalAvg": 657537
      },
      "split": {
        "successRate": 1,
        "chainAvgSec": 30,
        "chainP95Sec": 30,
        "wallAvgMs": 33039.582571999985,
        "wallRawAvgMs": 33039.582571999985,
        "wallP95Ms": 33039.582571999985,
        "gasTotalAvg": 1401660
      },
      "comparison": {
        "chainDeltaSec": 27,
        "chainP95DeltaSec": 27,
        "chainOverheadRatio": 9,
        "wallDeltaMs": 26713.33221399998,
        "wallOverheadRatio": 4.222616985149667,
        "gasDelta": 744123,
        "gasOverheadRatio": 1.13168232358027
      }
    },
    {
      "caseId": "amazon_new2",
      "tasks": 1,
      "comparable": true,
      "full": {
        "successRate": 1,
        "chainAvgSec": 0,
        "chainP95Sec": 0,
        "wallAvgMs": 3237.5682109999907,
        "wallRawAvgMs": 3237.5682109999907,
        "wallP95Ms": 3237.5682109999907,
        "gasTotalAvg": 913705
      },
      "split": {
        "successRate": 1,
        "chainAvgSec": 51,
        "chainP95Sec": 51,
        "wallAvgMs": 53910.797351000016,
        "wallRawAvgMs": 53910.797351000016,
        "wallP95Ms": 53910.797351000016,
        "gasTotalAvg": 1903959
      },
      "comparison": {
        "chainDeltaSec": 51,
        "chainP95DeltaSec": 51,
        "chainOverheadRatio": null,
        "wallDeltaMs": 50673.229140000025,
        "wallOverheadRatio": 15.65163290392839,
        "gasDelta": 990254,
        "gasOverheadRatio": 1.0837786813030463
      }
    },
    {
      "caseId": "PizzaOrder",
      "tasks": 1,
      "comparable": true,
      "full": {
        "successRate": 1,
        "chainAvgSec": 0,
        "chainP95Sec": 0,
        "wallAvgMs": 2835.996253999998,
        "wallRawAvgMs": 2835.996253999998,
        "wallP95Ms": 2835.996253999998,
        "gasTotalAvg": 902687
      },
      "split": {
        "successRate": 1,
        "chainAvgSec": 36,
        "chainP95Sec": 36,
        "wallAvgMs": 38912.234655999986,
        "wallRawAvgMs": 38912.234655999986,
        "wallP95Ms": 38912.234655999986,
        "gasTotalAvg": 1542721
      },
      "comparison": {
        "chainDeltaSec": 36,
        "chainP95DeltaSec": 36,
        "chainOverheadRatio": null,
        "wallDeltaMs": 36076.23840199999,
        "wallOverheadRatio": 12.720834292752214,
        "gasDelta": 640034,
        "gasOverheadRatio": 0.7090320343596396
      }
    },
    {
      "caseId": "Rental_Claim",
      "tasks": 1,
      "comparable": true,
      "full": {
        "successRate": 1,
        "chainAvgSec": 3,
        "chainP95Sec": 3,
        "wallAvgMs": 6324.610002999994,
        "wallRawAvgMs": 6324.610002999994,
        "wallP95Ms": 6324.610002999994,
        "gasTotalAvg": 959319
      },
      "split": {
        "successRate": 1,
        "chainAvgSec": 48,
        "chainP95Sec": 48,
        "wallAvgMs": 51212.07089099998,
        "wallRawAvgMs": 51212.07089099998,
        "wallP95Ms": 51212.07089099998,
        "gasTotalAvg": 1830948
      },
      "comparison": {
        "chainDeltaSec": 45,
        "chainP95DeltaSec": 45,
        "chainOverheadRatio": 15,
        "wallDeltaMs": 44887.46088799999,
        "wallOverheadRatio": 7.097269375773086,
        "gasDelta": 871629,
        "gasOverheadRatio": 0.9085914070293615
      }
    },
    {
      "caseId": "Purchase",
      "tasks": 1,
      "comparable": true,
      "full": {
        "successRate": 1,
        "chainAvgSec": 0,
        "chainP95Sec": 0,
        "wallAvgMs": 3219.864049999989,
        "wallRawAvgMs": 3219.864049999989,
        "wallP95Ms": 3219.864049999989,
        "gasTotalAvg": 949522
      },
      "split": {
        "successRate": 1,
        "chainAvgSec": 42,
        "chainP95Sec": 42,
        "wallAvgMs": 44759.316796,
        "wallRawAvgMs": 44759.316796,
        "wallP95Ms": 44759.316796,
        "gasTotalAvg": 1691095
      },